Switch: DC2-HRG5-core1,1.0,0.0
Switch: DC2-gateway,1.0,0.0
Switch: DC1-gateway,1.0,0.0
Switch: DC1-HRG4-core2,1.0,0.0
Switch: DC1-HRG3-core1,1.0,0.0
Switch: DC1-gateway,1.0,0.0
Switch: DC1-HRG3-core1,1.0,0.0
Switch: intercloud,1.0,0.0
Switch: intercloud,1.0,0.0
Switch: DC2-HRG5-core1,2.0,0.0
Switch: DC2-gateway,2.0,0.0
Switch: DC1-gateway,2.0,0.0
Switch: DC1-HRG4-core2,2.0,0.0
Switch: DC1-HRG3-core1,2.0,0.0
Switch: DC1-gateway,2.0,0.0
Switch: DC1-HRG3-core1,2.0,0.0
Switch: intercloud,2.0,0.0
Switch: intercloud,2.0,0.0
Switch: DC2-HRG5-core1,3.0,0.0
Switch: DC2-gateway,3.0,0.0
Switch: DC1-gateway,3.0,0.0
Switch: DC1-HRG4-core2,3.0,0.0
Switch: DC1-HRG3-core1,3.0,0.0
Switch: DC1-gateway,3.0,0.0
Switch: DC1-HRG3-core1,3.0,0.0
Switch: intercloud,3.0,0.0
Switch: intercloud,3.0,0.0
Switch: DC2-HRG5-core1,4.0,0.0
Switch: DC2-gateway,4.0,0.0
Switch: DC1-gateway,4.0,0.0
Switch: DC1-HRG4-core2,4.0,0.0
Switch: DC1-HRG3-core1,4.0,0.0
Switch: DC1-gateway,4.0,0.0
Switch: DC1-HRG3-core1,4.0,0.0
Switch: intercloud,4.0,0.0
Switch: intercloud,4.0,0.0
Switch: DC2-HRG5-core1,5.0,0.0
Switch: DC2-gateway,5.0,0.0
Switch: DC1-gateway,5.0,0.0
Switch: DC1-HRG4-core2,5.0,0.0
Switch: DC1-HRG3-core1,5.0,0.0
Switch: DC1-gateway,5.0,0.0
Switch: DC1-HRG3-core1,5.0,0.0
Switch: intercloud,5.0,0.0
Switch: intercloud,5.0,0.0
Switch: DC2-HRG5-core1,6.0,0.0
Switch: DC2-gateway,6.0,0.0
Switch: DC1-gateway,6.0,0.0
Switch: DC1-HRG4-core2,6.0,0.0
Switch: DC1-HRG3-core1,6.0,0.0
Switch: DC1-gateway,6.0,0.0
Switch: DC1-HRG3-core1,6.0,0.0
Switch: intercloud,6.0,0.0
Switch: intercloud,6.0,0.0
Switch: DC2-HRG5-core1,7.0,0.0
Switch: DC2-gateway,7.0,0.0
Switch: DC1-gateway,7.0,0.0
Switch: DC1-HRG4-core2,7.0,0.0
Switch: DC1-HRG3-core1,7.0,0.0
Switch: DC1-gateway,7.0,0.0
Switch: DC1-HRG3-core1,7.0,0.0
Switch: intercloud,7.0,0.0
Switch: intercloud,7.0,0.0
Switch: DC2-HRG5-core1,8.0,0.0
Switch: DC2-gateway,8.0,0.0
Switch: DC1-gateway,8.0,0.0
Switch: DC1-HRG4-core2,8.0,0.0
Switch: DC1-HRG3-core1,8.0,0.0
Switch: DC1-gateway,8.0,2.1684043449710089E-19
Switch: DC1-HRG3-core1,8.0,2.0E-7
Switch: intercloud,8.0,2.1684043449710089E-19
Switch: intercloud,8.0,0.0
Switch: DC2-HRG5-core1,9.0,0.0
Switch: DC2-gateway,9.0,0.0
Switch: DC1-gateway,9.0,0.0
Switch: DC1-HRG4-core2,9.0,0.0
Switch: DC1-HRG3-core1,9.0,0.0
Switch: DC1-gateway,9.0,2.1684043449710089E-19
Switch: DC1-HRG3-core1,9.0,2.0E-7
Switch: intercloud,9.0,2.1684043449710089E-19
Switch: intercloud,9.0,0.0
Switch: DC2-HRG5-core1,10.0,0.0
Switch: DC2-gateway,10.0,0.0
Switch: DC1-gateway,10.0,0.0
Switch: DC1-HRG4-core2,10.0,0.0
Switch: DC1-HRG3-core1,10.0,0.0
Switch: DC1-gateway,10.0,2.1684043449710089E-19
Switch: DC1-HRG3-core1,10.0,2.0E-7
Switch: intercloud,10.0,2.1684043449710089E-19
Switch: intercloud,10.0,0.0
Switch: DC2-HRG5-core1,11.0,0.0
Switch: DC2-gateway,11.0,0.0
Switch: DC1-gateway,11.0,0.0
Switch: DC1-HRG4-core2,11.0,0.0
Switch: DC1-HRG3-core1,11.0,0.0
Switch: DC1-gateway,11.0,0.0
Switch: DC1-HRG3-core1,11.0,0.0
Switch: intercloud,11.0,0.0
Switch: intercloud,11.0,0.0
Switch: DC2-HRG5-core1,12.0,0.0
Switch: DC2-gateway,12.0,0.0
Switch: DC1-gateway,12.0,0.0
Switch: DC1-HRG4-core2,12.0,0.0
Switch: DC1-HRG3-core1,12.0,0.0
Switch: DC1-gateway,12.0,0.0
Switch: DC1-HRG3-core1,12.0,0.0
Switch: intercloud,12.0,0.0
Switch: intercloud,12.0,0.0
Switch: DC2-HRG5-core1,13.0,0.0
Switch: DC2-gateway,13.0,0.0
Switch: DC1-gateway,13.0,0.0
Switch: DC1-HRG4-core2,13.0,0.0
Switch: DC1-HRG3-core1,13.0,0.0
Switch: DC1-gateway,13.0,0.0
Switch: DC1-HRG3-core1,13.0,0.0
Switch: intercloud,13.0,0.0
Switch: intercloud,13.0,0.0
Switch: DC2-HRG5-core1,14.0,0.0
Switch: DC2-gateway,14.0,0.0
Switch: DC1-gateway,14.0,0.0
Switch: DC1-HRG4-core2,14.0,0.0
Switch: DC1-HRG3-core1,14.0,0.0
Switch: DC1-gateway,14.0,0.0
Switch: DC1-HRG3-core1,14.0,0.0
Switch: intercloud,14.0,0.0
Switch: intercloud,14.0,0.0
Switch: DC2-HRG5-core1,15.0,0.0
Switch: DC2-gateway,15.0,0.0
Switch: DC1-gateway,15.0,0.0
Switch: DC1-HRG4-core2,15.0,0.0
Switch: DC1-HRG3-core1,15.0,0.0
Switch: DC1-gateway,15.0,0.0
Switch: DC1-HRG3-core1,15.0,0.0
Switch: intercloud,15.0,0.0
Switch: intercloud,15.0,0.0
Switch: DC2-HRG5-core1,16.0,0.0
Switch: DC2-gateway,16.0,0.0
Switch: DC1-gateway,16.0,0.0
Switch: DC1-HRG4-core2,16.0,0.0
Switch: DC1-HRG3-core1,16.0,0.0
Switch: DC1-gateway,16.0,0.0
Switch: DC1-HRG3-core1,16.0,0.0
Switch: intercloud,16.0,0.0
Switch: intercloud,16.0,0.0
Switch: DC2-HRG5-core1,17.0,0.0
Switch: DC2-gateway,17.0,0.0
Switch: DC1-gateway,17.0,0.0
Switch: DC1-HRG4-core2,17.0,0.0
Switch: DC1-HRG3-core1,17.0,0.0
Switch: DC1-gateway,17.0,4.3368086899420177E-19
Switch: DC1-HRG3-core1,17.0,4.0E-7
Switch: intercloud,17.0,4.3368086899420177E-19
Switch: intercloud,17.0,0.0
Switch: DC2-HRG5-core1,18.0,0.0
Switch: DC2-gateway,18.0,0.0
Switch: DC1-gateway,18.0,0.0
Switch: DC1-HRG4-core2,18.0,0.0
Switch: DC1-HRG3-core1,18.0,0.0
Switch: DC1-gateway,18.0,0.0
Switch: DC1-HRG3-core1,18.0,0.0
Switch: intercloud,18.0,0.0
Switch: intercloud,18.0,0.0
Switch: DC2-HRG5-core1,19.0,0.0
Switch: DC2-gateway,19.0,0.0
Switch: DC1-gateway,19.0,0.0
Switch: DC1-HRG4-core2,19.0,0.0
Switch: DC1-HRG3-core1,19.0,0.0
Switch: DC1-gateway,19.0,0.0
Switch: DC1-HRG3-core1,19.0,0.0
Switch: intercloud,19.0,0.0
Switch: intercloud,19.0,0.0
Switch: DC2-HRG5-core1,20.0,0.0
Switch: DC2-gateway,20.0,0.0
Switch: DC1-gateway,20.0,0.0
Switch: DC1-HRG4-core2,20.0,0.0
Switch: DC1-HRG3-core1,20.0,0.0
Switch: DC1-gateway,20.0,0.0
Switch: DC1-HRG3-core1,20.0,0.0
Switch: intercloud,20.0,0.0
Switch: intercloud,20.0,0.0
Switch: DC2-HRG5-core1,21.0,0.0
Switch: DC2-gateway,21.0,0.0
Switch: DC1-gateway,21.0,0.0
Switch: DC1-HRG4-core2,21.0,0.0
Switch: DC1-HRG3-core1,21.0,0.0
Switch: DC1-gateway,21.0,2.1684043449710089E-19
Switch: DC1-HRG3-core1,21.0,2.0E-7
Switch: intercloud,21.0,2.1684043449710089E-19
Switch: intercloud,21.0,0.0
Switch: DC2-HRG5-core1,22.0,0.0
Switch: DC2-gateway,22.0,0.0
Switch: DC1-gateway,22.0,0.0
Switch: DC1-HRG4-core2,22.0,0.0
Switch: DC1-HRG3-core1,22.0,0.0
Switch: DC1-gateway,22.0,3.2526065174565133E-19
Switch: DC1-HRG3-core1,22.0,3.0E-7
Switch: intercloud,22.0,3.2526065174565133E-19
Switch: intercloud,22.0,0.0
Switch: DC2-HRG5-core1,23.0,0.0
Switch: DC2-gateway,23.0,0.0
Switch: DC1-gateway,23.0,0.0
Switch: DC1-HRG4-core2,23.0,0.0
Switch: DC1-HRG3-core1,23.0,0.0
Switch: DC1-gateway,23.0,1.0842021724855044E-19
Switch: DC1-HRG3-core1,23.0,1.0E-7
Switch: intercloud,23.0,1.0842021724855044E-19
Switch: intercloud,23.0,0.0
Switch: DC2-HRG5-core1,24.0,0.0
Switch: DC2-gateway,24.0,0.0
Switch: DC1-gateway,24.0,0.0
Switch: DC1-HRG4-core2,24.0,0.0
Switch: DC1-HRG3-core1,24.0,0.0
Switch: DC1-gateway,24.0,3.2526065174565133E-19
Switch: DC1-HRG3-core1,24.0,3.0E-7
Switch: intercloud,24.0,3.2526065174565133E-19
Switch: intercloud,24.0,0.0
Switch: DC2-HRG5-core1,25.0,0.0
Switch: DC2-gateway,25.0,0.0
Switch: DC1-gateway,25.0,0.0
Switch: DC1-HRG4-core2,25.0,0.0
Switch: DC1-HRG3-core1,25.0,0.0
Switch: DC1-gateway,25.0,3.2526065174565133E-19
Switch: DC1-HRG3-core1,25.0,3.0E-7
Switch: intercloud,25.0,3.2526065174565133E-19
Switch: intercloud,25.0,0.0
Switch: DC2-HRG5-core1,26.0,0.0
Switch: DC2-gateway,26.0,0.0
Switch: DC1-gateway,26.0,0.0
Switch: DC1-HRG4-core2,26.0,0.0
Switch: DC1-HRG3-core1,26.0,0.0
Switch: DC1-gateway,26.0,1.0842021724855044E-19
Switch: DC1-HRG3-core1,26.0,1.0E-7
Switch: intercloud,26.0,1.0842021724855044E-19
Switch: intercloud,26.0,0.0
Switch: DC2-HRG5-core1,27.0,0.0
Switch: DC2-gateway,27.0,0.0
Switch: DC1-gateway,27.0,0.0
Switch: DC1-HRG4-core2,27.0,0.0
Switch: DC1-HRG3-core1,27.0,0.0
Switch: DC1-gateway,27.0,1.0842021724855044E-19
Switch: DC1-HRG3-core1,27.0,1.0E-7
Switch: intercloud,27.0,1.0842021724855044E-19
Switch: intercloud,27.0,0.0
Switch: DC2-HRG5-core1,28.0,0.0
Switch: DC2-gateway,28.0,0.0
Switch: DC1-gateway,28.0,0.0
Switch: DC1-HRG4-core2,28.0,0.0
Switch: DC1-HRG3-core1,28.0,0.0
Switch: DC1-gateway,28.0,0.0
Switch: DC1-HRG3-core1,28.0,0.0
Switch: intercloud,28.0,0.0
Switch: intercloud,28.0,0.0
