time(s),target_sfc,Ingress,InitialRequestSize,Transmission1(MB),VM1,cloudlet.1(MI),Transmission2(MB),VM2,cloudlet.2(MI),Transmission3(MB),VM3,cloudlet.3(MI),Transmission4(MB),Egress,latency_demand(s)
0,sfc-ingress1egress1,Ingress1,14,14336,SF-A,1400,14336,SF-B,2100,4778,SF-C,2100,14334,Egress1,10
1,sfc-ingress1egress1,Ingress1,13,13312,SF-A,1300,13312,SF-B,1950,4437,SF-C,1950,13311,Egress1,10
2,sfc-ingress1egress1,Ingress1,10,10240,SF-A,1000,10240,SF-B,1500,3413,SF-C,1500,10239,Egress1,10
3,sfc-ingress1egress1,Ingress1,11,11264,SF-A,1100,11264,SF-B,1650,3754,SF-C,1650,11262,Egress1,10
4,sfc-ingress1egress1,Ingress1,5,5120,SF-A,500,5120,SF-B,750,1706,SF-C,750,5118,Egress1,10
5,sfc-ingress1egress1,Ingress1,11,11264,SF-A,1100,11264,SF-B,1650,3754,SF-C,1650,11262,Egress1,10
6,sfc-ingress1egress1,Ingress1,14,14336,SF-A,1400,14336,SF-B,2100,4778,SF-C,2100,14334,Egress1,10
7,sfc-ingress1egress1,Ingress1,13,13312,SF-A,1300,13312,SF-B,1950,4437,SF-C,1950,13311,Egress1,10
8,sfc-ingress1egress1,Ingress1,13,13312,SF-A,1300,13312,SF-B,1950,4437,SF-C,1950,13311,Egress1,10
9,sfc-ingress1egress1,Ingress1,5,5120,SF-A,500,5120,SF-B,750,1706,SF-C,750,5118,Egress1,10
10,sfc-ingress1egress1,Ingress1,6,6144,SF-A,600,6144,SF-B,900,2048,SF-C,900,6144,Egress1,10
11,sfc-ingress1egress1,Ingress1,12,12288,SF-A,1200,12288,SF-B,1800,4096,SF-C,1800,12288,Egress1,10
12,sfc-ingress1egress1,Ingress1,5,5120,SF-A,500,5120,SF-B,750,1706,SF-C,750,5118,Egress1,10
13,sfc-ingress1egress1,Ingress1,9,9216,SF-A,900,9216,SF-B,1350,3072,SF-C,1350,9216,Egress1,10
14,sfc-ingress1egress1,Ingress1,8,8192,SF-A,800,8192,SF-B,1200,2730,SF-C,1200,8190,Egress1,10
15,sfc-ingress1egress1,Ingress1,6,6144,SF-A,600,6144,SF-B,900,2048,SF-C,900,6144,Egress1,10
16,sfc-ingress1egress1,Ingress1,8,8192,SF-A,800,8192,SF-B,1200,2730,SF-C,1200,8190,Egress1,10
17,sfc-ingress1egress1,Ingress1,5,5120,SF-A,500,5120,SF-B,750,1706,SF-C,750,5118,Egress1,10
18,sfc-ingress1egress1,Ingress1,13,13312,SF-A,1300,13312,SF-B,1950,4437,SF-C,1950,13311,Egress1,10
19,sfc-ingress1egress1,Ingress1,5,5120,SF-A,500,5120,SF-B,750,1706,SF-C,750,5118,Egress1,10
20,sfc-ingress1egress1,Ingress1,11,11264,SF-A,1100,11264,SF-B,1650,3754,SF-C,1650,11262,Egress1,10
21,sfc-ingress1egress1,Ingress1,8,8192,SF-A,800,8192,SF-B,1200,2730,SF-C,1200,8190,Egress1,10
22,sfc-ingress1egress1,Ingress1,7,7168,SF-A,700,7168,SF-B,1050,2389,SF-C,1050,7167,Egress1,10
23,sfc-ingress1egress1,Ingress1,6,6144,SF-A,600,6144,SF-B,900,2048,SF-C,900,6144,Egress1,10
24,sfc-ingress1egress1,Ingress1,5,5120,SF-A,500,5120,SF-B,750,1706,SF-C,750,5118,Egress1,10
25,sfc-ingress1egress1,Ingress1,14,14336,SF-A,1400,14336,SF-B,2100,4778,SF-C,2100,14334,Egress1,10
26,sfc-ingress1egress1,Ingress1,13,13312,SF-A,1300,13312,SF-B,1950,4437,SF-C,1950,13311,Egress1,10
27,sfc-ingress1egress1,Ingress1,7,7168,SF-A,700,7168,SF-B,1050,2389,SF-C,1050,7167,Egress1,10
28,sfc-ingress1egress1,Ingress1,7,7168,SF-A,700,7168,SF-B,1050,2389,SF-C,1050,7167,Egress1,10
29,sfc-ingress1egress1,Ingress1,11,11264,SF-A,1100,11264,SF-B,1650,3754,SF-C,1650,11262,Egress1,10
30,sfc-ingress1egress1,Ingress1,6,6144,SF-A,600,6144,SF-B,900,2048,SF-C,900,6144,Egress1,10
31,sfc-ingress1egress1,Ingress1,9,9216,SF-A,900,9216,SF-B,1350,3072,SF-C,1350,9216,Egress1,10
32,sfc-ingress1egress1,Ingress1,8,8192,SF-A,800,8192,SF-B,1200,2730,SF-C,1200,8190,Egress1,10
33,sfc-ingress1egress1,Ingress1,8,8192,SF-A,800,8192,SF-B,1200,2730,SF-C,1200,8190,Egress1,10
34,sfc-ingress1egress1,Ingress1,11,11264,SF-A,1100,11264,SF-B,1650,3754,SF-C,1650,11262,Egress1,10
35,sfc-ingress1egress1,Ingress1,7,7168,SF-A,700,7168,SF-B,1050,2389,SF-C,1050,7167,Egress1,10
36,sfc-ingress1egress1,Ingress1,6,6144,SF-A,600,6144,SF-B,900,2048,SF-C,900,6144,Egress1,10
37,sfc-ingress1egress1,Ingress1,10,10240,SF-A,1000,10240,SF-B,1500,3413,SF-C,1500,10239,Egress1,10
38,sfc-ingress1egress1,Ingress1,12,12288,SF-A,1200,12288,SF-B,1800,4096,SF-C,1800,12288,Egress1,10
39,sfc-ingress1egress1,Ingress1,12,12288,SF-A,1200,12288,SF-B,1800,4096,SF-C,1800,12288,Egress1,10
40,sfc-ingress1egress1,Ingress1,11,11264,SF-A,1100,11264,SF-B,1650,3754,SF-C,1650,11262,Egress1,10
41,sfc-ingress1egress1,Ingress1,5,5120,SF-A,500,5120,SF-B,750,1706,SF-C,750,5118,Egress1,10
42,sfc-ingress1egress1,Ingress1,6,6144,SF-A,600,6144,SF-B,900,2048,SF-C,900,6144,Egress1,10
43,sfc-ingress1egress1,Ingress1,6,6144,SF-A,600,6144,SF-B,900,2048,SF-C,900,6144,Egress1,10
44,sfc-ingress1egress1,Ingress1,12,12288,SF-A,1200,12288,SF-B,1800,4096,SF-C,1800,12288,Egress1,10
45,sfc-ingress1egress1,Ingress1,10,10240,SF-A,1000,10240,SF-B,1500,3413,SF-C,1500,10239,Egress1,10
46,sfc-ingress1egress1,Ingress1,9,9216,SF-A,900,9216,SF-B,1350,3072,SF-C,1350,9216,Egress1,10
47,sfc-ingress1egress1,Ingress1,13,13312,SF-A,1300,13312,SF-B,1950,4437,SF-C,1950,13311,Egress1,10
48,sfc-ingress1egress1,Ingress1,7,7168,SF-A,700,7168,SF-B,1050,2389,SF-C,1050,7167,Egress1,10
49,sfc-ingress1egress1,Ingress1,11,11264,SF-A,1100,11264,SF-B,1650,3754,SF-C,1650,11262,Egress1,10
50,sfc-ingress1egress1,Ingress1,7,7168,SF-A,700,7168,SF-B,1050,2389,SF-C,1050,7167,Egress1,10
51,sfc-ingress1egress1,Ingress1,10,10240,SF-A,1000,10240,SF-B,1500,3413,SF-C,1500,10239,Egress1,10
52,sfc-ingress1egress1,Ingress1,5,5120,SF-A,500,5120,SF-B,750,1706,SF-C,750,5118,Egress1,10
53,sfc-ingress1egress1,Ingress1,10,10240,SF-A,1000,10240,SF-B,1500,3413,SF-C,1500,10239,Egress1,10
54,sfc-ingress1egress1,Ingress1,8,8192,SF-A,800,8192,SF-B,1200,2730,SF-C,1200,8190,Egress1,10
55,sfc-ingress1egress1,Ingress1,11,11264,SF-A,1100,11264,SF-B,1650,3754,SF-C,1650,11262,Egress1,10
56,sfc-ingress1egress1,Ingress1,6,6144,SF-A,600,6144,SF-B,900,2048,SF-C,900,6144,Egress1,10
57,sfc-ingress1egress1,Ingress1,10,10240,SF-A,1000,10240,SF-B,1500,3413,SF-C,1500,10239,Egress1,10
58,sfc-ingress1egress1,Ingress1,10,10240,SF-A,1000,10240,SF-B,1500,3413,SF-C,1500,10239,Egress1,10
59,sfc-ingress1egress1,Ingress1,13,13312,SF-A,1300,13312,SF-B,1950,4437,SF-C,1950,13311,Egress1,10
60,sfc-ingress1egress1,Ingress1,8,8192,SF-A,800,8192,SF-B,1200,2730,SF-C,1200,8190,Egress1,10
61,sfc-ingress1egress1,Ingress1,11,11264,SF-A,1100,11264,SF-B,1650,3754,SF-C,1650,11262,Egress1,10
62,sfc-ingress1egress1,Ingress1,14,14336,SF-A,1400,14336,SF-B,2100,4778,SF-C,2100,14334,Egress1,10
63,sfc-ingress1egress1,Ingress1,12,12288,SF-A,1200,12288,SF-B,1800,4096,SF-C,1800,12288,Egress1,10
64,sfc-ingress1egress1,Ingress1,6,6144,SF-A,600,6144,SF-B,900,2048,SF-C,900,6144,Egress1,10
65,sfc-ingress1egress1,Ingress1,14,14336,SF-A,1400,14336,SF-B,2100,4778,SF-C,2100,14334,Egress1,10
66,sfc-ingress1egress1,Ingress1,9,9216,SF-A,900,9216,SF-B,1350,3072,SF-C,1350,9216,Egress1,10
67,sfc-ingress1egress1,Ingress1,12,12288,SF-A,1200,12288,SF-B,1800,4096,SF-C,1800,12288,Egress1,10
68,sfc-ingress1egress1,Ingress1,9,9216,SF-A,900,9216,SF-B,1350,3072,SF-C,1350,9216,Egress1,10
69,sfc-ingress1egress1,Ingress1,7,7168,SF-A,700,7168,SF-B,1050,2389,SF-C,1050,7167,Egress1,10
70,sfc-ingress1egress1,Ingress1,7,7168,SF-A,700,7168,SF-B,1050,2389,SF-C,1050,7167,Egress1,10
71,sfc-ingress1egress1,Ingress1,10,10240,SF-A,1000,10240,SF-B,1500,3413,SF-C,1500,10239,Egress1,10
72,sfc-ingress1egress1,Ingress1,6,6144,SF-A,600,6144,SF-B,900,2048,SF-C,900,6144,Egress1,10
73,sfc-ingress1egress1,Ingress1,12,12288,SF-A,1200,12288,SF-B,1800,4096,SF-C,1800,12288,Egress1,10
74,sfc-ingress1egress1,Ingress1,12,12288,SF-A,1200,12288,SF-B,1800,4096,SF-C,1800,12288,Egress1,10
75,sfc-ingress1egress1,Ingress1,9,9216,SF-A,900,9216,SF-B,1350,3072,SF-C,1350,9216,Egress1,10
76,sfc-ingress1egress1,Ingress1,6,6144,SF-A,600,6144,SF-B,900,2048,SF-C,900,6144,Egress1,10
77,sfc-ingress1egress1,Ingress1,14,14336,SF-A,1400,14336,SF-B,2100,4778,SF-C,2100,14334,Egress1,10
78,sfc-ingress1egress1,Ingress1,14,14336,SF-A,1400,14336,SF-B,2100,4778,SF-C,2100,14334,Egress1,10
79,sfc-ingress1egress1,Ingress1,5,5120,SF-A,500,5120,SF-B,750,1706,SF-C,750,5118,Egress1,10
80,sfc-ingress1egress1,Ingress1,9,9216,SF-A,900,9216,SF-B,1350,3072,SF-C,1350,9216,Egress1,10
81,sfc-ingress1egress1,Ingress1,12,12288,SF-A,1200,12288,SF-B,1800,4096,SF-C,1800,12288,Egress1,10
82,sfc-ingress1egress1,Ingress1,13,13312,SF-A,1300,13312,SF-B,1950,4437,SF-C,1950,13311,Egress1,10
83,sfc-ingress1egress1,Ingress1,10,10240,SF-A,1000,10240,SF-B,1500,3413,SF-C,1500,10239,Egress1,10
84,sfc-ingress1egress1,Ingress1,10,10240,SF-A,1000,10240,SF-B,1500,3413,SF-C,1500,10239,Egress1,10
85,sfc-ingress1egress1,Ingress1,8,8192,SF-A,800,8192,SF-B,1200,2730,SF-C,1200,8190,Egress1,10
86,sfc-ingress1egress1,Ingress1,5,5120,SF-A,500,5120,SF-B,750,1706,SF-C,750,5118,Egress1,10
87,sfc-ingress1egress1,Ingress1,7,7168,SF-A,700,7168,SF-B,1050,2389,SF-C,1050,7167,Egress1,10
88,sfc-ingress1egress1,Ingress1,7,7168,SF-A,700,7168,SF-B,1050,2389,SF-C,1050,7167,Egress1,10
89,sfc-ingress1egress1,Ingress1,13,13312,SF-A,1300,13312,SF-B,1950,4437,SF-C,1950,13311,Egress1,10
90,sfc-ingress1egress1,Ingress1,9,9216,SF-A,900,9216,SF-B,1350,3072,SF-C,1350,9216,Egress1,10
91,sfc-ingress1egress1,Ingress1,14,14336,SF-A,1400,14336,SF-B,2100,4778,SF-C,2100,14334,Egress1,10
92,sfc-ingress1egress1,Ingress1,13,13312,SF-A,1300,13312,SF-B,1950,4437,SF-C,1950,13311,Egress1,10
93,sfc-ingress1egress1,Ingress1,9,9216,SF-A,900,9216,SF-B,1350,3072,SF-C,1350,9216,Egress1,10
94,sfc-ingress1egress1,Ingress1,6,6144,SF-A,600,6144,SF-B,900,2048,SF-C,900,6144,Egress1,10
95,sfc-ingress1egress1,Ingress1,13,13312,SF-A,1300,13312,SF-B,1950,4437,SF-C,1950,13311,Egress1,10
96,sfc-ingress1egress1,Ingress1,10,10240,SF-A,1000,10240,SF-B,1500,3413,SF-C,1500,10239,Egress1,10
97,sfc-ingress1egress1,Ingress1,12,12288,SF-A,1200,12288,SF-B,1800,4096,SF-C,1800,12288,Egress1,10
98,sfc-ingress1egress1,Ingress1,9,9216,SF-A,900,9216,SF-B,1350,3072,SF-C,1350,9216,Egress1,10
99,sfc-ingress1egress1,Ingress1,8,8192,SF-A,800,8192,SF-B,1200,2730,SF-C,1200,8190,Egress1,10
100,sfc-ingress1egress1,Ingress1,6,6144,SF-A,600,6144,SF-B,900,2048,SF-C,900,6144,Egress1,10
101,sfc-ingress1egress1,Ingress1,10,10240,SF-A,1000,10240,SF-B,1500,3413,SF-C,1500,10239,Egress1,10
102,sfc-ingress1egress1,Ingress1,5,5120,SF-A,500,5120,SF-B,750,1706,SF-C,750,5118,Egress1,10
103,sfc-ingress1egress1,Ingress1,13,13312,SF-A,1300,13312,SF-B,1950,4437,SF-C,1950,13311,Egress1,10
104,sfc-ingress1egress1,Ingress1,7,7168,SF-A,700,7168,SF-B,1050,2389,SF-C,1050,7167,Egress1,10
105,sfc-ingress1egress1,Ingress1,8,8192,SF-A,800,8192,SF-B,1200,2730,SF-C,1200,8190,Egress1,10
106,sfc-ingress1egress1,Ingress1,7,7168,SF-A,700,7168,SF-B,1050,2389,SF-C,1050,7167,Egress1,10
107,sfc-ingress1egress1,Ingress1,11,11264,SF-A,1100,11264,SF-B,1650,3754,SF-C,1650,11262,Egress1,10
108,sfc-ingress1egress1,Ingress1,7,7168,SF-A,700,7168,SF-B,1050,2389,SF-C,1050,7167,Egress1,10
109,sfc-ingress1egress1,Ingress1,5,5120,SF-A,500,5120,SF-B,750,1706,SF-C,750,5118,Egress1,10
110,sfc-ingress1egress1,Ingress1,13,13312,SF-A,1300,13312,SF-B,1950,4437,SF-C,1950,13311,Egress1,10
111,sfc-ingress1egress1,Ingress1,9,9216,SF-A,900,9216,SF-B,1350,3072,SF-C,1350,9216,Egress1,10
112,sfc-ingress1egress1,Ingress1,12,12288,SF-A,1200,12288,SF-B,1800,4096,SF-C,1800,12288,Egress1,10
113,sfc-ingress1egress1,Ingress1,14,14336,SF-A,1400,14336,SF-B,2100,4778,SF-C,2100,14334,Egress1,10
114,sfc-ingress1egress1,Ingress1,7,7168,SF-A,700,7168,SF-B,1050,2389,SF-C,1050,7167,Egress1,10
115,sfc-ingress1egress1,Ingress1,9,9216,SF-A,900,9216,SF-B,1350,3072,SF-C,1350,9216,Egress1,10
116,sfc-ingress1egress1,Ingress1,6,6144,SF-A,600,6144,SF-B,900,2048,SF-C,900,6144,Egress1,10
117,sfc-ingress1egress1,Ingress1,8,8192,SF-A,800,8192,SF-B,1200,2730,SF-C,1200,8190,Egress1,10
118,sfc-ingress1egress1,Ingress1,10,10240,SF-A,1000,10240,SF-B,1500,3413,SF-C,1500,10239,Egress1,10
119,sfc-ingress1egress1,Ingress1,6,6144,SF-A,600,6144,SF-B,900,2048,SF-C,900,6144,Egress1,10
120,sfc-ingress1egress1,Ingress1,12,12288,SF-A,1200,12288,SF-B,1800,4096,SF-C,1800,12288,Egress1,10
121,sfc-ingress1egress1,Ingress1,13,13312,SF-A,1300,13312,SF-B,1950,4437,SF-C,1950,13311,Egress1,10
122,sfc-ingress1egress1,Ingress1,11,11264,SF-A,1100,11264,SF-B,1650,3754,SF-C,1650,11262,Egress1,10
123,sfc-ingress1egress1,Ingress1,12,12288,SF-A,1200,12288,SF-B,1800,4096,SF-C,1800,12288,Egress1,10
124,sfc-ingress1egress1,Ingress1,11,11264,SF-A,1100,11264,SF-B,1650,3754,SF-C,1650,11262,Egress1,10
125,sfc-ingress1egress1,Ingress1,13,13312,SF-A,1300,13312,SF-B,1950,4437,SF-C,1950,13311,Egress1,10
126,sfc-ingress1egress1,Ingress1,9,9216,SF-A,900,9216,SF-B,1350,3072,SF-C,1350,9216,Egress1,10
127,sfc-ingress1egress1,Ingress1,10,10240,SF-A,1000,10240,SF-B,1500,3413,SF-C,1500,10239,Egress1,10
128,sfc-ingress1egress1,Ingress1,10,10240,SF-A,1000,10240,SF-B,1500,3413,SF-C,1500,10239,Egress1,10
129,sfc-ingress1egress1,Ingress1,9,9216,SF-A,900,9216,SF-B,1350,3072,SF-C,1350,9216,Egress1,10
130,sfc-ingress1egress1,Ingress1,6,6144,SF-A,600,6144,SF-B,900,2048,SF-C,900,6144,Egress1,10
131,sfc-ingress1egress1,Ingress1,7,7168,SF-A,700,7168,SF-B,1050,2389,SF-C,1050,7167,Egress1,10
132,sfc-ingress1egress1,Ingress1,11,11264,SF-A,1100,11264,SF-B,1650,3754,SF-C,1650,11262,Egress1,10
133,sfc-ingress1egress1,Ingress1,7,7168,SF-A,700,7168,SF-B,1050,2389,SF-C,1050,7167,Egress1,10
134,sfc-ingress1egress1,Ingress1,10,10240,SF-A,1000,10240,SF-B,1500,3413,SF-C,1500,10239,Egress1,10
135,sfc-ingress1egress1,Ingress1,9,9216,SF-A,900,9216,SF-B,1350,3072,SF-C,1350,9216,Egress1,10
136,sfc-ingress1egress1,Ingress1,8,8192,SF-A,800,8192,SF-B,1200,2730,SF-C,1200,8190,Egress1,10
137,sfc-ingress1egress1,Ingress1,5,5120,SF-A,500,5120,SF-B,750,1706,SF-C,750,5118,Egress1,10
138,sfc-ingress1egress1,Ingress1,9,9216,SF-A,900,9216,SF-B,1350,3072,SF-C,1350,9216,Egress1,10
139,sfc-ingress1egress1,Ingress1,12,12288,SF-A,1200,12288,SF-B,1800,4096,SF-C,1800,12288,Egress1,10
140,sfc-ingress1egress1,Ingress1,9,9216,SF-A,900,9216,SF-B,1350,3072,SF-C,1350,9216,Egress1,10
141,sfc-ingress1egress1,Ingress1,12,12288,SF-A,1200,12288,SF-B,1800,4096,SF-C,1800,12288,Egress1,10
142,sfc-ingress1egress1,Ingress1,13,13312,SF-A,1300,13312,SF-B,1950,4437,SF-C,1950,13311,Egress1,10
143,sfc-ingress1egress1,Ingress1,5,5120,SF-A,500,5120,SF-B,750,1706,SF-C,750,5118,Egress1,10
144,sfc-ingress1egress1,Ingress1,14,14336,SF-A,1400,14336,SF-B,2100,4778,SF-C,2100,14334,Egress1,10
145,sfc-ingress1egress1,Ingress1,6,6144,SF-A,600,6144,SF-B,900,2048,SF-C,900,6144,Egress1,10
146,sfc-ingress1egress1,Ingress1,10,10240,SF-A,1000,10240,SF-B,1500,3413,SF-C,1500,10239,Egress1,10
147,sfc-ingress1egress1,Ingress1,7,7168,SF-A,700,7168,SF-B,1050,2389,SF-C,1050,7167,Egress1,10
148,sfc-ingress1egress1,Ingress1,8,8192,SF-A,800,8192,SF-B,1200,2730,SF-C,1200,8190,Egress1,10
149,sfc-ingress1egress1,Ingress1,7,7168,SF-A,700,7168,SF-B,1050,2389,SF-C,1050,7167,Egress1,10
150,sfc-ingress1egress1,Ingress1,7,7168,SF-A,700,7168,SF-B,1050,2389,SF-C,1050,7167,Egress1,10
151,sfc-ingress1egress1,Ingress1,13,13312,SF-A,1300,13312,SF-B,1950,4437,SF-C,1950,13311,Egress1,10
152,sfc-ingress1egress1,Ingress1,10,10240,SF-A,1000,10240,SF-B,1500,3413,SF-C,1500,10239,Egress1,10
153,sfc-ingress1egress1,Ingress1,9,9216,SF-A,900,9216,SF-B,1350,3072,SF-C,1350,9216,Egress1,10
154,sfc-ingress1egress1,Ingress1,13,13312,SF-A,1300,13312,SF-B,1950,4437,SF-C,1950,13311,Egress1,10
155,sfc-ingress1egress1,Ingress1,8,8192,SF-A,800,8192,SF-B,1200,2730,SF-C,1200,8190,Egress1,10
156,sfc-ingress1egress1,Ingress1,11,11264,SF-A,1100,11264,SF-B,1650,3754,SF-C,1650,11262,Egress1,10
157,sfc-ingress1egress1,Ingress1,13,13312,SF-A,1300,13312,SF-B,1950,4437,SF-C,1950,13311,Egress1,10
158,sfc-ingress1egress1,Ingress1,14,14336,SF-A,1400,14336,SF-B,2100,4778,SF-C,2100,14334,Egress1,10
159,sfc-ingress1egress1,Ingress1,5,5120,SF-A,500,5120,SF-B,750,1706,SF-C,750,5118,Egress1,10
160,sfc-ingress1egress1,Ingress1,13,13312,SF-A,1300,13312,SF-B,1950,4437,SF-C,1950,13311,Egress1,10
161,sfc-ingress1egress1,Ingress1,13,13312,SF-A,1300,13312,SF-B,1950,4437,SF-C,1950,13311,Egress1,10
162,sfc-ingress1egress1,Ingress1,10,10240,SF-A,1000,10240,SF-B,1500,3413,SF-C,1500,10239,Egress1,10
163,sfc-ingress1egress1,Ingress1,5,5120,SF-A,500,5120,SF-B,750,1706,SF-C,750,5118,Egress1,10
164,sfc-ingress1egress1,Ingress1,6,6144,SF-A,600,6144,SF-B,900,2048,SF-C,900,6144,Egress1,10
165,sfc-ingress1egress1,Ingress1,9,9216,SF-A,900,9216,SF-B,1350,3072,SF-C,1350,9216,Egress1,10
166,sfc-ingress1egress1,Ingress1,7,7168,SF-A,700,7168,SF-B,1050,2389,SF-C,1050,7167,Egress1,10
167,sfc-ingress1egress1,Ingress1,5,5120,SF-A,500,5120,SF-B,750,1706,SF-C,750,5118,Egress1,10
168,sfc-ingress1egress1,Ingress1,7,7168,SF-A,700,7168,SF-B,1050,2389,SF-C,1050,7167,Egress1,10
169,sfc-ingress1egress1,Ingress1,12,12288,SF-A,1200,12288,SF-B,1800,4096,SF-C,1800,12288,Egress1,10
170,sfc-ingress1egress1,Ingress1,11,11264,SF-A,1100,11264,SF-B,1650,3754,SF-C,1650,11262,Egress1,10
171,sfc-ingress1egress1,Ingress1,14,14336,SF-A,1400,14336,SF-B,2100,4778,SF-C,2100,14334,Egress1,10
172,sfc-ingress1egress1,Ingress1,7,7168,SF-A,700,7168,SF-B,1050,2389,SF-C,1050,7167,Egress1,10
173,sfc-ingress1egress1,Ingress1,9,9216,SF-A,900,9216,SF-B,1350,3072,SF-C,1350,9216,Egress1,10
174,sfc-ingress1egress1,Ingress1,14,14336,SF-A,1400,14336,SF-B,2100,4778,SF-C,2100,14334,Egress1,10
175,sfc-ingress1egress1,Ingress1,11,11264,SF-A,1100,11264,SF-B,1650,3754,SF-C,1650,11262,Egress1,10
176,sfc-ingress1egress1,Ingress1,6,6144,SF-A,600,6144,SF-B,900,2048,SF-C,900,6144,Egress1,10
177,sfc-ingress1egress1,Ingress1,7,7168,SF-A,700,7168,SF-B,1050,2389,SF-C,1050,7167,Egress1,10
178,sfc-ingress1egress1,Ingress1,14,14336,SF-A,1400,14336,SF-B,2100,4778,SF-C,2100,14334,Egress1,10
179,sfc-ingress1egress1,Ingress1,11,11264,SF-A,1100,11264,SF-B,1650,3754,SF-C,1650,11262,Egress1,10
180,sfc-ingress1egress1,Ingress1,6,6144,SF-A,600,6144,SF-B,900,2048,SF-C,900,6144,Egress1,10
181,sfc-ingress1egress1,Ingress1,8,8192,SF-A,800,8192,SF-B,1200,2730,SF-C,1200,8190,Egress1,10
182,sfc-ingress1egress1,Ingress1,11,11264,SF-A,1100,11264,SF-B,1650,3754,SF-C,1650,11262,Egress1,10
183,sfc-ingress1egress1,Ingress1,10,10240,SF-A,1000,10240,SF-B,1500,3413,SF-C,1500,10239,Egress1,10
184,sfc-ingress1egress1,Ingress1,5,5120,SF-A,500,5120,SF-B,750,1706,SF-C,750,5118,Egress1,10
185,sfc-ingress1egress1,Ingress1,10,10240,SF-A,1000,10240,SF-B,1500,3413,SF-C,1500,10239,Egress1,10
186,sfc-ingress1egress1,Ingress1,10,10240,SF-A,1000,10240,SF-B,1500,3413,SF-C,1500,10239,Egress1,10
187,sfc-ingress1egress1,Ingress1,6,6144,SF-A,600,6144,SF-B,900,2048,SF-C,900,6144,Egress1,10
188,sfc-ingress1egress1,Ingress1,5,5120,SF-A,500,5120,SF-B,750,1706,SF-C,750,5118,Egress1,10
189,sfc-ingress1egress1,Ingress1,12,12288,SF-A,1200,12288,SF-B,1800,4096,SF-C,1800,12288,Egress1,10
190,sfc-ingress1egress1,Ingress1,6,6144,SF-A,600,6144,SF-B,900,2048,SF-C,900,6144,Egress1,10
191,sfc-ingress1egress1,Ingress1,8,8192,SF-A,800,8192,SF-B,1200,2730,SF-C,1200,8190,Egress1,10
192,sfc-ingress1egress1,Ingress1,13,13312,SF-A,1300,13312,SF-B,1950,4437,SF-C,1950,13311,Egress1,10
193,sfc-ingress1egress1,Ingress1,8,8192,SF-A,800,8192,SF-B,1200,2730,SF-C,1200,8190,Egress1,10
194,sfc-ingress1egress1,Ingress1,7,7168,SF-A,700,7168,SF-B,1050,2389,SF-C,1050,7167,Egress1,10
195,sfc-ingress1egress1,Ingress1,12,12288,SF-A,1200,12288,SF-B,1800,4096,SF-C,1800,12288,Egress1,10
196,sfc-ingress1egress1,Ingress1,7,7168,SF-A,700,7168,SF-B,1050,2389,SF-C,1050,7167,Egress1,10
197,sfc-ingress1egress1,Ingress1,10,10240,SF-A,1000,10240,SF-B,1500,3413,SF-C,1500,10239,Egress1,10
198,sfc-ingress1egress1,Ingress1,5,5120,SF-A,500,5120,SF-B,750,1706,SF-C,750,5118,Egress1,10
199,sfc-ingress1egress1,Ingress1,14,14336,SF-A,1400,14336,SF-B,2100,4778,SF-C,2100,14334,Egress1,10
200,sfc-ingress1egress1,Ingress1,13,13312,SF-A,1300,13312,SF-B,1950,4437,SF-C,1950,13311,Egress1,10
201,sfc-ingress1egress1,Ingress1,5,5120,SF-A,500,5120,SF-B,750,1706,SF-C,750,5118,Egress1,10
202,sfc-ingress1egress1,Ingress1,6,6144,SF-A,600,6144,SF-B,900,2048,SF-C,900,6144,Egress1,10
203,sfc-ingress1egress1,Ingress1,10,10240,SF-A,1000,10240,SF-B,1500,3413,SF-C,1500,10239,Egress1,10
204,sfc-ingress1egress1,Ingress1,9,9216,SF-A,900,9216,SF-B,1350,3072,SF-C,1350,9216,Egress1,10
205,sfc-ingress1egress1,Ingress1,7,7168,SF-A,700,7168,SF-B,1050,2389,SF-C,1050,7167,Egress1,10
206,sfc-ingress1egress1,Ingress1,13,13312,SF-A,1300,13312,SF-B,1950,4437,SF-C,1950,13311,Egress1,10
207,sfc-ingress1egress1,Ingress1,10,10240,SF-A,1000,10240,SF-B,1500,3413,SF-C,1500,10239,Egress1,10
208,sfc-ingress1egress1,Ingress1,5,5120,SF-A,500,5120,SF-B,750,1706,SF-C,750,5118,Egress1,10
209,sfc-ingress1egress1,Ingress1,14,14336,SF-A,1400,14336,SF-B,2100,4778,SF-C,2100,14334,Egress1,10
210,sfc-ingress1egress1,Ingress1,13,13312,SF-A,1300,13312,SF-B,1950,4437,SF-C,1950,13311,Egress1,10
211,sfc-ingress1egress1,Ingress1,7,7168,SF-A,700,7168,SF-B,1050,2389,SF-C,1050,7167,Egress1,10
212,sfc-ingress1egress1,Ingress1,8,8192,SF-A,800,8192,SF-B,1200,2730,SF-C,1200,8190,Egress1,10
213,sfc-ingress1egress1,Ingress1,7,7168,SF-A,700,7168,SF-B,1050,2389,SF-C,1050,7167,Egress1,10
214,sfc-ingress1egress1,Ingress1,7,7168,SF-A,700,7168,SF-B,1050,2389,SF-C,1050,7167,Egress1,10
215,sfc-ingress1egress1,Ingress1,9,9216,SF-A,900,9216,SF-B,1350,3072,SF-C,1350,9216,Egress1,10
216,sfc-ingress1egress1,Ingress1,11,11264,SF-A,1100,11264,SF-B,1650,3754,SF-C,1650,11262,Egress1,10
217,sfc-ingress1egress1,Ingress1,5,5120,SF-A,500,5120,SF-B,750,1706,SF-C,750,5118,Egress1,10
218,sfc-ingress1egress1,Ingress1,12,12288,SF-A,1200,12288,SF-B,1800,4096,SF-C,1800,12288,Egress1,10
219,sfc-ingress1egress1,Ingress1,13,13312,SF-A,1300,13312,SF-B,1950,4437,SF-C,1950,13311,Egress1,10
220,sfc-ingress1egress1,Ingress1,12,12288,SF-A,1200,12288,SF-B,1800,4096,SF-C,1800,12288,Egress1,10
221,sfc-ingress1egress1,Ingress1,5,5120,SF-A,500,5120,SF-B,750,1706,SF-C,750,5118,Egress1,10
222,sfc-ingress1egress1,Ingress1,6,6144,SF-A,600,6144,SF-B,900,2048,SF-C,900,6144,Egress1,10
223,sfc-ingress1egress1,Ingress1,12,12288,SF-A,1200,12288,SF-B,1800,4096,SF-C,1800,12288,Egress1,10
224,sfc-ingress1egress1,Ingress1,11,11264,SF-A,1100,11264,SF-B,1650,3754,SF-C,1650,11262,Egress1,10
225,sfc-ingress1egress1,Ingress1,11,11264,SF-A,1100,11264,SF-B,1650,3754,SF-C,1650,11262,Egress1,10
226,sfc-ingress1egress1,Ingress1,10,10240,SF-A,1000,10240,SF-B,1500,3413,SF-C,1500,10239,Egress1,10
227,sfc-ingress1egress1,Ingress1,13,13312,SF-A,1300,13312,SF-B,1950,4437,SF-C,1950,13311,Egress1,10
228,sfc-ingress1egress1,Ingress1,11,11264,SF-A,1100,11264,SF-B,1650,3754,SF-C,1650,11262,Egress1,10
229,sfc-ingress1egress1,Ingress1,13,13312,SF-A,1300,13312,SF-B,1950,4437,SF-C,1950,13311,Egress1,10
230,sfc-ingress1egress1,Ingress1,5,5120,SF-A,500,5120,SF-B,750,1706,SF-C,750,5118,Egress1,10
231,sfc-ingress1egress1,Ingress1,5,5120,SF-A,500,5120,SF-B,750,1706,SF-C,750,5118,Egress1,10
232,sfc-ingress1egress1,Ingress1,5,5120,SF-A,500,5120,SF-B,750,1706,SF-C,750,5118,Egress1,10
233,sfc-ingress1egress1,Ingress1,11,11264,SF-A,1100,11264,SF-B,1650,3754,SF-C,1650,11262,Egress1,10
234,sfc-ingress1egress1,Ingress1,5,5120,SF-A,500,5120,SF-B,750,1706,SF-C,750,5118,Egress1,10
235,sfc-ingress1egress1,Ingress1,11,11264,SF-A,1100,11264,SF-B,1650,3754,SF-C,1650,11262,Egress1,10
236,sfc-ingress1egress1,Ingress1,7,7168,SF-A,700,7168,SF-B,1050,2389,SF-C,1050,7167,Egress1,10
237,sfc-ingress1egress1,Ingress1,9,9216,SF-A,900,9216,SF-B,1350,3072,SF-C,1350,9216,Egress1,10
238,sfc-ingress1egress1,Ingress1,9,9216,SF-A,900,9216,SF-B,1350,3072,SF-C,1350,9216,Egress1,10
239,sfc-ingress1egress1,Ingress1,9,9216,SF-A,900,9216,SF-B,1350,3072,SF-C,1350,9216,Egress1,10
240,sfc-ingress1egress1,Ingress1,11,11264,SF-A,1100,11264,SF-B,1650,3754,SF-C,1650,11262,Egress1,10
241,sfc-ingress1egress1,Ingress1,5,5120,SF-A,500,5120,SF-B,750,1706,SF-C,750,5118,Egress1,10
242,sfc-ingress1egress1,Ingress1,13,13312,SF-A,1300,13312,SF-B,1950,4437,SF-C,1950,13311,Egress1,10
243,sfc-ingress1egress1,Ingress1,5,5120,SF-A,500,5120,SF-B,750,1706,SF-C,750,5118,Egress1,10
244,sfc-ingress1egress1,Ingress1,7,7168,SF-A,700,7168,SF-B,1050,2389,SF-C,1050,7167,Egress1,10
245,sfc-ingress1egress1,Ingress1,11,11264,SF-A,1100,11264,SF-B,1650,3754,SF-C,1650,11262,Egress1,10
246,sfc-ingress1egress1,Ingress1,9,9216,SF-A,900,9216,SF-B,1350,3072,SF-C,1350,9216,Egress1,10
247,sfc-ingress1egress1,Ingress1,5,5120,SF-A,500,5120,SF-B,750,1706,SF-C,750,5118,Egress1,10
248,sfc-ingress1egress1,Ingress1,9,9216,SF-A,900,9216,SF-B,1350,3072,SF-C,1350,9216,Egress1,10
249,sfc-ingress1egress1,Ingress1,12,12288,SF-A,1200,12288,SF-B,1800,4096,SF-C,1800,12288,Egress1,10
250,sfc-ingress1egress1,Ingress1,11,11264,SF-A,1100,11264,SF-B,1650,3754,SF-C,1650,11262,Egress1,10
251,sfc-ingress1egress1,Ingress1,8,8192,SF-A,800,8192,SF-B,1200,2730,SF-C,1200,8190,Egress1,10
252,sfc-ingress1egress1,Ingress1,7,7168,SF-A,700,7168,SF-B,1050,2389,SF-C,1050,7167,Egress1,10
253,sfc-ingress1egress1,Ingress1,12,12288,SF-A,1200,12288,SF-B,1800,4096,SF-C,1800,12288,Egress1,10
254,sfc-ingress1egress1,Ingress1,14,14336,SF-A,1400,14336,SF-B,2100,4778,SF-C,2100,14334,Egress1,10
255,sfc-ingress1egress1,Ingress1,9,9216,SF-A,900,9216,SF-B,1350,3072,SF-C,1350,9216,Egress1,10
256,sfc-ingress1egress1,Ingress1,10,10240,SF-A,1000,10240,SF-B,1500,3413,SF-C,1500,10239,Egress1,10
257,sfc-ingress1egress1,Ingress1,13,13312,SF-A,1300,13312,SF-B,1950,4437,SF-C,1950,13311,Egress1,10
258,sfc-ingress1egress1,Ingress1,7,7168,SF-A,700,7168,SF-B,1050,2389,SF-C,1050,7167,Egress1,10
259,sfc-ingress1egress1,Ingress1,6,6144,SF-A,600,6144,SF-B,900,2048,SF-C,900,6144,Egress1,10
260,sfc-ingress1egress1,Ingress1,14,14336,SF-A,1400,14336,SF-B,2100,4778,SF-C,2100,14334,Egress1,10
261,sfc-ingress1egress1,Ingress1,5,5120,SF-A,500,5120,SF-B,750,1706,SF-C,750,5118,Egress1,10
262,sfc-ingress1egress1,Ingress1,9,9216,SF-A,900,9216,SF-B,1350,3072,SF-C,1350,9216,Egress1,10
263,sfc-ingress1egress1,Ingress1,12,12288,SF-A,1200,12288,SF-B,1800,4096,SF-C,1800,12288,Egress1,10
264,sfc-ingress1egress1,Ingress1,7,7168,SF-A,700,7168,SF-B,1050,2389,SF-C,1050,7167,Egress1,10
265,sfc-ingress1egress1,Ingress1,5,5120,SF-A,500,5120,SF-B,750,1706,SF-C,750,5118,Egress1,10
266,sfc-ingress1egress1,Ingress1,10,10240,SF-A,1000,10240,SF-B,1500,3413,SF-C,1500,10239,Egress1,10
267,sfc-ingress1egress1,Ingress1,8,8192,SF-A,800,8192,SF-B,1200,2730,SF-C,1200,8190,Egress1,10
268,sfc-ingress1egress1,Ingress1,11,11264,SF-A,1100,11264,SF-B,1650,3754,SF-C,1650,11262,Egress1,10
269,sfc-ingress1egress1,Ingress1,14,14336,SF-A,1400,14336,SF-B,2100,4778,SF-C,2100,14334,Egress1,10
270,sfc-ingress1egress1,Ingress1,14,14336,SF-A,1400,14336,SF-B,2100,4778,SF-C,2100,14334,Egress1,10
271,sfc-ingress1egress1,Ingress1,5,5120,SF-A,500,5120,SF-B,750,1706,SF-C,750,5118,Egress1,10
272,sfc-ingress1egress1,Ingress1,6,6144,SF-A,600,6144,SF-B,900,2048,SF-C,900,6144,Egress1,10
273,sfc-ingress1egress1,Ingress1,7,7168,SF-A,700,7168,SF-B,1050,2389,SF-C,1050,7167,Egress1,10
274,sfc-ingress1egress1,Ingress1,5,5120,SF-A,500,5120,SF-B,750,1706,SF-C,750,5118,Egress1,10
275,sfc-ingress1egress1,Ingress1,9,9216,SF-A,900,9216,SF-B,1350,3072,SF-C,1350,9216,Egress1,10
276,sfc-ingress1egress1,Ingress1,8,8192,SF-A,800,8192,SF-B,1200,2730,SF-C,1200,8190,Egress1,10
277,sfc-ingress1egress1,Ingress1,9,9216,SF-A,900,9216,SF-B,1350,3072,SF-C,1350,9216,Egress1,10
278,sfc-ingress1egress1,Ingress1,5,5120,SF-A,500,5120,SF-B,750,1706,SF-C,750,5118,Egress1,10
279,sfc-ingress1egress1,Ingress1,7,7168,SF-A,700,7168,SF-B,1050,2389,SF-C,1050,7167,Egress1,10
280,sfc-ingress1egress1,Ingress1,14,14336,SF-A,1400,14336,SF-B,2100,4778,SF-C,2100,14334,Egress1,10
281,sfc-ingress1egress1,Ingress1,14,14336,SF-A,1400,14336,SF-B,2100,4778,SF-C,2100,14334,Egress1,10
282,sfc-ingress1egress1,Ingress1,14,14336,SF-A,1400,14336,SF-B,2100,4778,SF-C,2100,14334,Egress1,10
283,sfc-ingress1egress1,Ingress1,11,11264,SF-A,1100,11264,SF-B,1650,3754,SF-C,1650,11262,Egress1,10
284,sfc-ingress1egress1,Ingress1,12,12288,SF-A,1200,12288,SF-B,1800,4096,SF-C,1800,12288,Egress1,10
285,sfc-ingress1egress1,Ingress1,5,5120,SF-A,500,5120,SF-B,750,1706,SF-C,750,5118,Egress1,10
286,sfc-ingress1egress1,Ingress1,8,8192,SF-A,800,8192,SF-B,1200,2730,SF-C,1200,8190,Egress1,10
287,sfc-ingress1egress1,Ingress1,5,5120,SF-A,500,5120,SF-B,750,1706,SF-C,750,5118,Egress1,10
288,sfc-ingress1egress1,Ingress1,8,8192,SF-A,800,8192,SF-B,1200,2730,SF-C,1200,8190,Egress1,10
289,sfc-ingress1egress1,Ingress1,9,9216,SF-A,900,9216,SF-B,1350,3072,SF-C,1350,9216,Egress1,10
290,sfc-ingress1egress1,Ingress1,10,10240,SF-A,1000,10240,SF-B,1500,3413,SF-C,1500,10239,Egress1,10
291,sfc-ingress1egress1,Ingress1,14,14336,SF-A,1400,14336,SF-B,2100,4778,SF-C,2100,14334,Egress1,10
292,sfc-ingress1egress1,Ingress1,7,7168,SF-A,700,7168,SF-B,1050,2389,SF-C,1050,7167,Egress1,10
293,sfc-ingress1egress1,Ingress1,5,5120,SF-A,500,5120,SF-B,750,1706,SF-C,750,5118,Egress1,10
294,sfc-ingress1egress1,Ingress1,11,11264,SF-A,1100,11264,SF-B,1650,3754,SF-C,1650,11262,Egress1,10
295,sfc-ingress1egress1,Ingress1,9,9216,SF-A,900,9216,SF-B,1350,3072,SF-C,1350,9216,Egress1,10
296,sfc-ingress1egress1,Ingress1,10,10240,SF-A,1000,10240,SF-B,1500,3413,SF-C,1500,10239,Egress1,10
297,sfc-ingress1egress1,Ingress1,9,9216,SF-A,900,9216,SF-B,1350,3072,SF-C,1350,9216,Egress1,10
298,sfc-ingress1egress1,Ingress1,5,5120,SF-A,500,5120,SF-B,750,1706,SF-C,750,5118,Egress1,10
299,sfc-ingress1egress1,Ingress1,6,6144,SF-A,600,6144,SF-B,900,2048,SF-C,900,6144,Egress1,10
300,sfc-ingress1egress1,Ingress1,8,8192,SF-A,800,8192,SF-B,1200,2730,SF-C,1200,8190,Egress1,10
301,sfc-ingress1egress1,Ingress1,14,14336,SF-A,1400,14336,SF-B,2100,4778,SF-C,2100,14334,Egress1,10
302,sfc-ingress1egress1,Ingress1,12,12288,SF-A,1200,12288,SF-B,1800,4096,SF-C,1800,12288,Egress1,10
303,sfc-ingress1egress1,Ingress1,10,10240,SF-A,1000,10240,SF-B,1500,3413,SF-C,1500,10239,Egress1,10
304,sfc-ingress1egress1,Ingress1,12,12288,SF-A,1200,12288,SF-B,1800,4096,SF-C,1800,12288,Egress1,10
305,sfc-ingress1egress1,Ingress1,9,9216,SF-A,900,9216,SF-B,1350,3072,SF-C,1350,9216,Egress1,10
306,sfc-ingress1egress1,Ingress1,7,7168,SF-A,700,7168,SF-B,1050,2389,SF-C,1050,7167,Egress1,10
307,sfc-ingress1egress1,Ingress1,12,12288,SF-A,1200,12288,SF-B,1800,4096,SF-C,1800,12288,Egress1,10
308,sfc-ingress1egress1,Ingress1,13,13312,SF-A,1300,13312,SF-B,1950,4437,SF-C,1950,13311,Egress1,10
309,sfc-ingress1egress1,Ingress1,7,7168,SF-A,700,7168,SF-B,1050,2389,SF-C,1050,7167,Egress1,10
310,sfc-ingress1egress1,Ingress1,9,9216,SF-A,900,9216,SF-B,1350,3072,SF-C,1350,9216,Egress1,10
311,sfc-ingress1egress1,Ingress1,6,6144,SF-A,600,6144,SF-B,900,2048,SF-C,900,6144,Egress1,10
312,sfc-ingress1egress1,Ingress1,5,5120,SF-A,500,5120,SF-B,750,1706,SF-C,750,5118,Egress1,10
313,sfc-ingress1egress1,Ingress1,7,7168,SF-A,700,7168,SF-B,1050,2389,SF-C,1050,7167,Egress1,10
314,sfc-ingress1egress1,Ingress1,11,11264,SF-A,1100,11264,SF-B,1650,3754,SF-C,1650,11262,Egress1,10
315,sfc-ingress1egress1,Ingress1,6,6144,SF-A,600,6144,SF-B,900,2048,SF-C,900,6144,Egress1,10
316,sfc-ingress1egress1,Ingress1,6,6144,SF-A,600,6144,SF-B,900,2048,SF-C,900,6144,Egress1,10
317,sfc-ingress1egress1,Ingress1,10,10240,SF-A,1000,10240,SF-B,1500,3413,SF-C,1500,10239,Egress1,10
318,sfc-ingress1egress1,Ingress1,13,13312,SF-A,1300,13312,SF-B,1950,4437,SF-C,1950,13311,Egress1,10
319,sfc-ingress1egress1,Ingress1,13,13312,SF-A,1300,13312,SF-B,1950,4437,SF-C,1950,13311,Egress1,10
320,sfc-ingress1egress1,Ingress1,11,11264,SF-A,1100,11264,SF-B,1650,3754,SF-C,1650,11262,Egress1,10
321,sfc-ingress1egress1,Ingress1,6,6144,SF-A,600,6144,SF-B,900,2048,SF-C,900,6144,Egress1,10
322,sfc-ingress1egress1,Ingress1,8,8192,SF-A,800,8192,SF-B,1200,2730,SF-C,1200,8190,Egress1,10
323,sfc-ingress1egress1,Ingress1,14,14336,SF-A,1400,14336,SF-B,2100,4778,SF-C,2100,14334,Egress1,10
324,sfc-ingress1egress1,Ingress1,11,11264,SF-A,1100,11264,SF-B,1650,3754,SF-C,1650,11262,Egress1,10
325,sfc-ingress1egress1,Ingress1,13,13312,SF-A,1300,13312,SF-B,1950,4437,SF-C,1950,13311,Egress1,10
326,sfc-ingress1egress1,Ingress1,6,6144,SF-A,600,6144,SF-B,900,2048,SF-C,900,6144,Egress1,10
327,sfc-ingress1egress1,Ingress1,6,6144,SF-A,600,6144,SF-B,900,2048,SF-C,900,6144,Egress1,10
328,sfc-ingress1egress1,Ingress1,6,6144,SF-A,600,6144,SF-B,900,2048,SF-C,900,6144,Egress1,10
329,sfc-ingress1egress1,Ingress1,12,12288,SF-A,1200,12288,SF-B,1800,4096,SF-C,1800,12288,Egress1,10
330,sfc-ingress1egress1,Ingress1,14,14336,SF-A,1400,14336,SF-B,2100,4778,SF-C,2100,14334,Egress1,10
331,sfc-ingress1egress1,Ingress1,9,9216,SF-A,900,9216,SF-B,1350,3072,SF-C,1350,9216,Egress1,10
332,sfc-ingress1egress1,Ingress1,11,11264,SF-A,1100,11264,SF-B,1650,3754,SF-C,1650,11262,Egress1,10
333,sfc-ingress1egress1,Ingress1,13,13312,SF-A,1300,13312,SF-B,1950,4437,SF-C,1950,13311,Egress1,10
334,sfc-ingress1egress1,Ingress1,9,9216,SF-A,900,9216,SF-B,1350,3072,SF-C,1350,9216,Egress1,10
335,sfc-ingress1egress1,Ingress1,5,5120,SF-A,500,5120,SF-B,750,1706,SF-C,750,5118,Egress1,10
336,sfc-ingress1egress1,Ingress1,6,6144,SF-A,600,6144,SF-B,900,2048,SF-C,900,6144,Egress1,10
337,sfc-ingress1egress1,Ingress1,5,5120,SF-A,500,5120,SF-B,750,1706,SF-C,750,5118,Egress1,10
338,sfc-ingress1egress1,Ingress1,11,11264,SF-A,1100,11264,SF-B,1650,3754,SF-C,1650,11262,Egress1,10
339,sfc-ingress1egress1,Ingress1,8,8192,SF-A,800,8192,SF-B,1200,2730,SF-C,1200,8190,Egress1,10
340,sfc-ingress1egress1,Ingress1,5,5120,SF-A,500,5120,SF-B,750,1706,SF-C,750,5118,Egress1,10
341,sfc-ingress1egress1,Ingress1,14,14336,SF-A,1400,14336,SF-B,2100,4778,SF-C,2100,14334,Egress1,10
342,sfc-ingress1egress1,Ingress1,5,5120,SF-A,500,5120,SF-B,750,1706,SF-C,750,5118,Egress1,10
343,sfc-ingress1egress1,Ingress1,7,7168,SF-A,700,7168,SF-B,1050,2389,SF-C,1050,7167,Egress1,10
344,sfc-ingress1egress1,Ingress1,14,14336,SF-A,1400,14336,SF-B,2100,4778,SF-C,2100,14334,Egress1,10
345,sfc-ingress1egress1,Ingress1,12,12288,SF-A,1200,12288,SF-B,1800,4096,SF-C,1800,12288,Egress1,10
346,sfc-ingress1egress1,Ingress1,7,7168,SF-A,700,7168,SF-B,1050,2389,SF-C,1050,7167,Egress1,10
347,sfc-ingress1egress1,Ingress1,14,14336,SF-A,1400,14336,SF-B,2100,4778,SF-C,2100,14334,Egress1,10
348,sfc-ingress1egress1,Ingress1,8,8192,SF-A,800,8192,SF-B,1200,2730,SF-C,1200,8190,Egress1,10
349,sfc-ingress1egress1,Ingress1,8,8192,SF-A,800,8192,SF-B,1200,2730,SF-C,1200,8190,Egress1,10
350,sfc-ingress1egress1,Ingress1,11,11264,SF-A,1100,11264,SF-B,1650,3754,SF-C,1650,11262,Egress1,10
351,sfc-ingress1egress1,Ingress1,9,9216,SF-A,900,9216,SF-B,1350,3072,SF-C,1350,9216,Egress1,10
352,sfc-ingress1egress1,Ingress1,11,11264,SF-A,1100,11264,SF-B,1650,3754,SF-C,1650,11262,Egress1,10
353,sfc-ingress1egress1,Ingress1,11,11264,SF-A,1100,11264,SF-B,1650,3754,SF-C,1650,11262,Egress1,10
354,sfc-ingress1egress1,Ingress1,6,6144,SF-A,600,6144,SF-B,900,2048,SF-C,900,6144,Egress1,10
355,sfc-ingress1egress1,Ingress1,9,9216,SF-A,900,9216,SF-B,1350,3072,SF-C,1350,9216,Egress1,10
356,sfc-ingress1egress1,Ingress1,7,7168,SF-A,700,7168,SF-B,1050,2389,SF-C,1050,7167,Egress1,10
357,sfc-ingress1egress1,Ingress1,12,12288,SF-A,1200,12288,SF-B,1800,4096,SF-C,1800,12288,Egress1,10
358,sfc-ingress1egress1,Ingress1,14,14336,SF-A,1400,14336,SF-B,2100,4778,SF-C,2100,14334,Egress1,10
359,sfc-ingress1egress1,Ingress1,13,13312,SF-A,1300,13312,SF-B,1950,4437,SF-C,1950,13311,Egress1,10
360,sfc-ingress1egress1,Ingress1,11,11264,SF-A,1100,11264,SF-B,1650,3754,SF-C,1650,11262,Egress1,10
361,sfc-ingress1egress1,Ingress1,7,7168,SF-A,700,7168,SF-B,1050,2389,SF-C,1050,7167,Egress1,10
362,sfc-ingress1egress1,Ingress1,11,11264,SF-A,1100,11264,SF-B,1650,3754,SF-C,1650,11262,Egress1,10
363,sfc-ingress1egress1,Ingress1,7,7168,SF-A,700,7168,SF-B,1050,2389,SF-C,1050,7167,Egress1,10
364,sfc-ingress1egress1,Ingress1,14,14336,SF-A,1400,14336,SF-B,2100,4778,SF-C,2100,14334,Egress1,10
365,sfc-ingress1egress1,Ingress1,5,5120,SF-A,500,5120,SF-B,750,1706,SF-C,750,5118,Egress1,10
366,sfc-ingress1egress1,Ingress1,6,6144,SF-A,600,6144,SF-B,900,2048,SF-C,900,6144,Egress1,10
367,sfc-ingress1egress1,Ingress1,14,14336,SF-A,1400,14336,SF-B,2100,4778,SF-C,2100,14334,Egress1,10
368,sfc-ingress1egress1,Ingress1,8,8192,SF-A,800,8192,SF-B,1200,2730,SF-C,1200,8190,Egress1,10
369,sfc-ingress1egress1,Ingress1,12,12288,SF-A,1200,12288,SF-B,1800,4096,SF-C,1800,12288,Egress1,10
370,sfc-ingress1egress1,Ingress1,11,11264,SF-A,1100,11264,SF-B,1650,3754,SF-C,1650,11262,Egress1,10
371,sfc-ingress1egress1,Ingress1,6,6144,SF-A,600,6144,SF-B,900,2048,SF-C,900,6144,Egress1,10
372,sfc-ingress1egress1,Ingress1,12,12288,SF-A,1200,12288,SF-B,1800,4096,SF-C,1800,12288,Egress1,10
373,sfc-ingress1egress1,Ingress1,10,10240,SF-A,1000,10240,SF-B,1500,3413,SF-C,1500,10239,Egress1,10
374,sfc-ingress1egress1,Ingress1,11,11264,SF-A,1100,11264,SF-B,1650,3754,SF-C,1650,11262,Egress1,10
375,sfc-ingress1egress1,Ingress1,11,11264,SF-A,1100,11264,SF-B,1650,3754,SF-C,1650,11262,Egress1,10
376,sfc-ingress1egress1,Ingress1,14,14336,SF-A,1400,14336,SF-B,2100,4778,SF-C,2100,14334,Egress1,10
377,sfc-ingress1egress1,Ingress1,8,8192,SF-A,800,8192,SF-B,1200,2730,SF-C,1200,8190,Egress1,10
378,sfc-ingress1egress1,Ingress1,14,14336,SF-A,1400,14336,SF-B,2100,4778,SF-C,2100,14334,Egress1,10
379,sfc-ingress1egress1,Ingress1,9,9216,SF-A,900,9216,SF-B,1350,3072,SF-C,1350,9216,Egress1,10
380,sfc-ingress1egress1,Ingress1,6,6144,SF-A,600,6144,SF-B,900,2048,SF-C,900,6144,Egress1,10
381,sfc-ingress1egress1,Ingress1,5,5120,SF-A,500,5120,SF-B,750,1706,SF-C,750,5118,Egress1,10
382,sfc-ingress1egress1,Ingress1,11,11264,SF-A,1100,11264,SF-B,1650,3754,SF-C,1650,11262,Egress1,10
383,sfc-ingress1egress1,Ingress1,12,12288,SF-A,1200,12288,SF-B,1800,4096,SF-C,1800,12288,Egress1,10
384,sfc-ingress1egress1,Ingress1,8,8192,SF-A,800,8192,SF-B,1200,2730,SF-C,1200,8190,Egress1,10
385,sfc-ingress1egress1,Ingress1,8,8192,SF-A,800,8192,SF-B,1200,2730,SF-C,1200,8190,Egress1,10
386,sfc-ingress1egress1,Ingress1,7,7168,SF-A,700,7168,SF-B,1050,2389,SF-C,1050,7167,Egress1,10
387,sfc-ingress1egress1,Ingress1,13,13312,SF-A,1300,13312,SF-B,1950,4437,SF-C,1950,13311,Egress1,10
388,sfc-ingress1egress1,Ingress1,6,6144,SF-A,600,6144,SF-B,900,2048,SF-C,900,6144,Egress1,10
389,sfc-ingress1egress1,Ingress1,6,6144,SF-A,600,6144,SF-B,900,2048,SF-C,900,6144,Egress1,10
390,sfc-ingress1egress1,Ingress1,11,11264,SF-A,1100,11264,SF-B,1650,3754,SF-C,1650,11262,Egress1,10
391,sfc-ingress1egress1,Ingress1,9,9216,SF-A,900,9216,SF-B,1350,3072,SF-C,1350,9216,Egress1,10
392,sfc-ingress1egress1,Ingress1,10,10240,SF-A,1000,10240,SF-B,1500,3413,SF-C,1500,10239,Egress1,10
393,sfc-ingress1egress1,Ingress1,5,5120,SF-A,500,5120,SF-B,750,1706,SF-C,750,5118,Egress1,10
394,sfc-ingress1egress1,Ingress1,5,5120,SF-A,500,5120,SF-B,750,1706,SF-C,750,5118,Egress1,10
395,sfc-ingress1egress1,Ingress1,11,11264,SF-A,1100,11264,SF-B,1650,3754,SF-C,1650,11262,Egress1,10
396,sfc-ingress1egress1,Ingress1,9,9216,SF-A,900,9216,SF-B,1350,3072,SF-C,1350,9216,Egress1,10
397,sfc-ingress1egress1,Ingress1,9,9216,SF-A,900,9216,SF-B,1350,3072,SF-C,1350,9216,Egress1,10
398,sfc-ingress1egress1,Ingress1,11,11264,SF-A,1100,11264,SF-B,1650,3754,SF-C,1650,11262,Egress1,10
399,sfc-ingress1egress1,Ingress1,8,8192,SF-A,800,8192,SF-B,1200,2730,SF-C,1200,8190,Egress1,10
400,sfc-ingress1egress1,Ingress1,9,9216,SF-A,900,9216,SF-B,1350,3072,SF-C,1350,9216,Egress1,10
401,sfc-ingress1egress1,Ingress1,7,7168,SF-A,700,7168,SF-B,1050,2389,SF-C,1050,7167,Egress1,10
402,sfc-ingress1egress1,Ingress1,10,10240,SF-A,1000,10240,SF-B,1500,3413,SF-C,1500,10239,Egress1,10
403,sfc-ingress1egress1,Ingress1,12,12288,SF-A,1200,12288,SF-B,1800,4096,SF-C,1800,12288,Egress1,10
404,sfc-ingress1egress1,Ingress1,14,14336,SF-A,1400,14336,SF-B,2100,4778,SF-C,2100,14334,Egress1,10
405,sfc-ingress1egress1,Ingress1,13,13312,SF-A,1300,13312,SF-B,1950,4437,SF-C,1950,13311,Egress1,10
406,sfc-ingress1egress1,Ingress1,13,13312,SF-A,1300,13312,SF-B,1950,4437,SF-C,1950,13311,Egress1,10
407,sfc-ingress1egress1,Ingress1,12,12288,SF-A,1200,12288,SF-B,1800,4096,SF-C,1800,12288,Egress1,10
408,sfc-ingress1egress1,Ingress1,10,10240,SF-A,1000,10240,SF-B,1500,3413,SF-C,1500,10239,Egress1,10
409,sfc-ingress1egress1,Ingress1,8,8192,SF-A,800,8192,SF-B,1200,2730,SF-C,1200,8190,Egress1,10
410,sfc-ingress1egress1,Ingress1,12,12288,SF-A,1200,12288,SF-B,1800,4096,SF-C,1800,12288,Egress1,10
411,sfc-ingress1egress1,Ingress1,9,9216,SF-A,900,9216,SF-B,1350,3072,SF-C,1350,9216,Egress1,10
412,sfc-ingress1egress1,Ingress1,14,14336,SF-A,1400,14336,SF-B,2100,4778,SF-C,2100,14334,Egress1,10
413,sfc-ingress1egress1,Ingress1,8,8192,SF-A,800,8192,SF-B,1200,2730,SF-C,1200,8190,Egress1,10
414,sfc-ingress1egress1,Ingress1,9,9216,SF-A,900,9216,SF-B,1350,3072,SF-C,1350,9216,Egress1,10
415,sfc-ingress1egress1,Ingress1,5,5120,SF-A,500,5120,SF-B,750,1706,SF-C,750,5118,Egress1,10
416,sfc-ingress1egress1,Ingress1,14,14336,SF-A,1400,14336,SF-B,2100,4778,SF-C,2100,14334,Egress1,10
417,sfc-ingress1egress1,Ingress1,12,12288,SF-A,1200,12288,SF-B,1800,4096,SF-C,1800,12288,Egress1,10
418,sfc-ingress1egress1,Ingress1,12,12288,SF-A,1200,12288,SF-B,1800,4096,SF-C,1800,12288,Egress1,10
419,sfc-ingress1egress1,Ingress1,6,6144,SF-A,600,6144,SF-B,900,2048,SF-C,900,6144,Egress1,10
420,sfc-ingress1egress1,Ingress1,13,13312,SF-A,1300,13312,SF-B,1950,4437,SF-C,1950,13311,Egress1,10
421,sfc-ingress1egress1,Ingress1,9,9216,SF-A,900,9216,SF-B,1350,3072,SF-C,1350,9216,Egress1,10
422,sfc-ingress1egress1,Ingress1,13,13312,SF-A,1300,13312,SF-B,1950,4437,SF-C,1950,13311,Egress1,10
423,sfc-ingress1egress1,Ingress1,8,8192,SF-A,800,8192,SF-B,1200,2730,SF-C,1200,8190,Egress1,10
424,sfc-ingress1egress1,Ingress1,6,6144,SF-A,600,6144,SF-B,900,2048,SF-C,900,6144,Egress1,10
425,sfc-ingress1egress1,Ingress1,12,12288,SF-A,1200,12288,SF-B,1800,4096,SF-C,1800,12288,Egress1,10
426,sfc-ingress1egress1,Ingress1,14,14336,SF-A,1400,14336,SF-B,2100,4778,SF-C,2100,14334,Egress1,10
427,sfc-ingress1egress1,Ingress1,7,7168,SF-A,700,7168,SF-B,1050,2389,SF-C,1050,7167,Egress1,10
428,sfc-ingress1egress1,Ingress1,6,6144,SF-A,600,6144,SF-B,900,2048,SF-C,900,6144,Egress1,10
429,sfc-ingress1egress1,Ingress1,14,14336,SF-A,1400,14336,SF-B,2100,4778,SF-C,2100,14334,Egress1,10
430,sfc-ingress1egress1,Ingress1,13,13312,SF-A,1300,13312,SF-B,1950,4437,SF-C,1950,13311,Egress1,10
431,sfc-ingress1egress1,Ingress1,7,7168,SF-A,700,7168,SF-B,1050,2389,SF-C,1050,7167,Egress1,10
432,sfc-ingress1egress1,Ingress1,8,8192,SF-A,800,8192,SF-B,1200,2730,SF-C,1200,8190,Egress1,10
433,sfc-ingress1egress1,Ingress1,5,5120,SF-A,500,5120,SF-B,750,1706,SF-C,750,5118,Egress1,10
434,sfc-ingress1egress1,Ingress1,7,7168,SF-A,700,7168,SF-B,1050,2389,SF-C,1050,7167,Egress1,10
435,sfc-ingress1egress1,Ingress1,7,7168,SF-A,700,7168,SF-B,1050,2389,SF-C,1050,7167,Egress1,10
436,sfc-ingress1egress1,Ingress1,9,9216,SF-A,900,9216,SF-B,1350,3072,SF-C,1350,9216,Egress1,10
437,sfc-ingress1egress1,Ingress1,14,14336,SF-A,1400,14336,SF-B,2100,4778,SF-C,2100,14334,Egress1,10
438,sfc-ingress1egress1,Ingress1,11,11264,SF-A,1100,11264,SF-B,1650,3754,SF-C,1650,11262,Egress1,10
439,sfc-ingress1egress1,Ingress1,10,10240,SF-A,1000,10240,SF-B,1500,3413,SF-C,1500,10239,Egress1,10
440,sfc-ingress1egress1,Ingress1,13,13312,SF-A,1300,13312,SF-B,1950,4437,SF-C,1950,13311,Egress1,10
441,sfc-ingress1egress1,Ingress1,7,7168,SF-A,700,7168,SF-B,1050,2389,SF-C,1050,7167,Egress1,10
442,sfc-ingress1egress1,Ingress1,5,5120,SF-A,500,5120,SF-B,750,1706,SF-C,750,5118,Egress1,10
443,sfc-ingress1egress1,Ingress1,6,6144,SF-A,600,6144,SF-B,900,2048,SF-C,900,6144,Egress1,10
444,sfc-ingress1egress1,Ingress1,6,6144,SF-A,600,6144,SF-B,900,2048,SF-C,900,6144,Egress1,10
445,sfc-ingress1egress1,Ingress1,11,11264,SF-A,1100,11264,SF-B,1650,3754,SF-C,1650,11262,Egress1,10
446,sfc-ingress1egress1,Ingress1,7,7168,SF-A,700,7168,SF-B,1050,2389,SF-C,1050,7167,Egress1,10
447,sfc-ingress1egress1,Ingress1,11,11264,SF-A,1100,11264,SF-B,1650,3754,SF-C,1650,11262,Egress1,10
448,sfc-ingress1egress1,Ingress1,7,7168,SF-A,700,7168,SF-B,1050,2389,SF-C,1050,7167,Egress1,10
449,sfc-ingress1egress1,Ingress1,14,14336,SF-A,1400,14336,SF-B,2100,4778,SF-C,2100,14334,Egress1,10
450,sfc-ingress1egress1,Ingress1,11,11264,SF-A,1100,11264,SF-B,1650,3754,SF-C,1650,11262,Egress1,10
451,sfc-ingress1egress1,Ingress1,9,9216,SF-A,900,9216,SF-B,1350,3072,SF-C,1350,9216,Egress1,10
452,sfc-ingress1egress1,Ingress1,10,10240,SF-A,1000,10240,SF-B,1500,3413,SF-C,1500,10239,Egress1,10
453,sfc-ingress1egress1,Ingress1,9,9216,SF-A,900,9216,SF-B,1350,3072,SF-C,1350,9216,Egress1,10
454,sfc-ingress1egress1,Ingress1,10,10240,SF-A,1000,10240,SF-B,1500,3413,SF-C,1500,10239,Egress1,10
455,sfc-ingress1egress1,Ingress1,8,8192,SF-A,800,8192,SF-B,1200,2730,SF-C,1200,8190,Egress1,10
456,sfc-ingress1egress1,Ingress1,13,13312,SF-A,1300,13312,SF-B,1950,4437,SF-C,1950,13311,Egress1,10
457,sfc-ingress1egress1,Ingress1,8,8192,SF-A,800,8192,SF-B,1200,2730,SF-C,1200,8190,Egress1,10
458,sfc-ingress1egress1,Ingress1,5,5120,SF-A,500,5120,SF-B,750,1706,SF-C,750,5118,Egress1,10
459,sfc-ingress1egress1,Ingress1,8,8192,SF-A,800,8192,SF-B,1200,2730,SF-C,1200,8190,Egress1,10
460,sfc-ingress1egress1,Ingress1,12,12288,SF-A,1200,12288,SF-B,1800,4096,SF-C,1800,12288,Egress1,10
461,sfc-ingress1egress1,Ingress1,11,11264,SF-A,1100,11264,SF-B,1650,3754,SF-C,1650,11262,Egress1,10
462,sfc-ingress1egress1,Ingress1,7,7168,SF-A,700,7168,SF-B,1050,2389,SF-C,1050,7167,Egress1,10
463,sfc-ingress1egress1,Ingress1,6,6144,SF-A,600,6144,SF-B,900,2048,SF-C,900,6144,Egress1,10
464,sfc-ingress1egress1,Ingress1,13,13312,SF-A,1300,13312,SF-B,1950,4437,SF-C,1950,13311,Egress1,10
465,sfc-ingress1egress1,Ingress1,9,9216,SF-A,900,9216,SF-B,1350,3072,SF-C,1350,9216,Egress1,10
466,sfc-ingress1egress1,Ingress1,7,7168,SF-A,700,7168,SF-B,1050,2389,SF-C,1050,7167,Egress1,10
467,sfc-ingress1egress1,Ingress1,8,8192,SF-A,800,8192,SF-B,1200,2730,SF-C,1200,8190,Egress1,10
468,sfc-ingress1egress1,Ingress1,7,7168,SF-A,700,7168,SF-B,1050,2389,SF-C,1050,7167,Egress1,10
469,sfc-ingress1egress1,Ingress1,12,12288,SF-A,1200,12288,SF-B,1800,4096,SF-C,1800,12288,Egress1,10
470,sfc-ingress1egress1,Ingress1,13,13312,SF-A,1300,13312,SF-B,1950,4437,SF-C,1950,13311,Egress1,10
471,sfc-ingress1egress1,Ingress1,8,8192,SF-A,800,8192,SF-B,1200,2730,SF-C,1200,8190,Egress1,10
472,sfc-ingress1egress1,Ingress1,9,9216,SF-A,900,9216,SF-B,1350,3072,SF-C,1350,9216,Egress1,10
473,sfc-ingress1egress1,Ingress1,5,5120,SF-A,500,5120,SF-B,750,1706,SF-C,750,5118,Egress1,10
474,sfc-ingress1egress1,Ingress1,11,11264,SF-A,1100,11264,SF-B,1650,3754,SF-C,1650,11262,Egress1,10
475,sfc-ingress1egress1,Ingress1,10,10240,SF-A,1000,10240,SF-B,1500,3413,SF-C,1500,10239,Egress1,10
476,sfc-ingress1egress1,Ingress1,7,7168,SF-A,700,7168,SF-B,1050,2389,SF-C,1050,7167,Egress1,10
477,sfc-ingress1egress1,Ingress1,10,10240,SF-A,1000,10240,SF-B,1500,3413,SF-C,1500,10239,Egress1,10
478,sfc-ingress1egress1,Ingress1,9,9216,SF-A,900,9216,SF-B,1350,3072,SF-C,1350,9216,Egress1,10
479,sfc-ingress1egress1,Ingress1,7,7168,SF-A,700,7168,SF-B,1050,2389,SF-C,1050,7167,Egress1,10
480,sfc-ingress1egress1,Ingress1,9,9216,SF-A,900,9216,SF-B,1350,3072,SF-C,1350,9216,Egress1,10
481,sfc-ingress1egress1,Ingress1,10,10240,SF-A,1000,10240,SF-B,1500,3413,SF-C,1500,10239,Egress1,10
482,sfc-ingress1egress1,Ingress1,7,7168,SF-A,700,7168,SF-B,1050,2389,SF-C,1050,7167,Egress1,10
483,sfc-ingress1egress1,Ingress1,14,14336,SF-A,1400,14336,SF-B,2100,4778,SF-C,2100,14334,Egress1,10
484,sfc-ingress1egress1,Ingress1,13,13312,SF-A,1300,13312,SF-B,1950,4437,SF-C,1950,13311,Egress1,10
485,sfc-ingress1egress1,Ingress1,7,7168,SF-A,700,7168,SF-B,1050,2389,SF-C,1050,7167,Egress1,10
486,sfc-ingress1egress1,Ingress1,13,13312,SF-A,1300,13312,SF-B,1950,4437,SF-C,1950,13311,Egress1,10
487,sfc-ingress1egress1,Ingress1,14,14336,SF-A,1400,14336,SF-B,2100,4778,SF-C,2100,14334,Egress1,10
488,sfc-ingress1egress1,Ingress1,6,6144,SF-A,600,6144,SF-B,900,2048,SF-C,900,6144,Egress1,10
489,sfc-ingress1egress1,Ingress1,8,8192,SF-A,800,8192,SF-B,1200,2730,SF-C,1200,8190,Egress1,10
490,sfc-ingress1egress1,Ingress1,13,13312,SF-A,1300,13312,SF-B,1950,4437,SF-C,1950,13311,Egress1,10
491,sfc-ingress1egress1,Ingress1,13,13312,SF-A,1300,13312,SF-B,1950,4437,SF-C,1950,13311,Egress1,10
492,sfc-ingress1egress1,Ingress1,13,13312,SF-A,1300,13312,SF-B,1950,4437,SF-C,1950,13311,Egress1,10
493,sfc-ingress1egress1,Ingress1,5,5120,SF-A,500,5120,SF-B,750,1706,SF-C,750,5118,Egress1,10
494,sfc-ingress1egress1,Ingress1,13,13312,SF-A,1300,13312,SF-B,1950,4437,SF-C,1950,13311,Egress1,10
495,sfc-ingress1egress1,Ingress1,5,5120,SF-A,500,5120,SF-B,750,1706,SF-C,750,5118,Egress1,10
496,sfc-ingress1egress1,Ingress1,8,8192,SF-A,800,8192,SF-B,1200,2730,SF-C,1200,8190,Egress1,10
497,sfc-ingress1egress1,Ingress1,9,9216,SF-A,900,9216,SF-B,1350,3072,SF-C,1350,9216,Egress1,10
498,sfc-ingress1egress1,Ingress1,13,13312,SF-A,1300,13312,SF-B,1950,4437,SF-C,1950,13311,Egress1,10
499,sfc-ingress1egress1,Ingress1,14,14336,SF-A,1400,14336,SF-B,2100,4778,SF-C,2100,14334,Egress1,10
500,sfc-ingress1egress1,Ingress1,9,9216,SF-A,900,9216,SF-B,1350,3072,SF-C,1350,9216,Egress1,10
501,sfc-ingress1egress1,Ingress1,12,12288,SF-A,1200,12288,SF-B,1800,4096,SF-C,1800,12288,Egress1,10
502,sfc-ingress1egress1,Ingress1,5,5120,SF-A,500,5120,SF-B,750,1706,SF-C,750,5118,Egress1,10
503,sfc-ingress1egress1,Ingress1,13,13312,SF-A,1300,13312,SF-B,1950,4437,SF-C,1950,13311,Egress1,10
504,sfc-ingress1egress1,Ingress1,14,14336,SF-A,1400,14336,SF-B,2100,4778,SF-C,2100,14334,Egress1,10
505,sfc-ingress1egress1,Ingress1,7,7168,SF-A,700,7168,SF-B,1050,2389,SF-C,1050,7167,Egress1,10
506,sfc-ingress1egress1,Ingress1,14,14336,SF-A,1400,14336,SF-B,2100,4778,SF-C,2100,14334,Egress1,10
507,sfc-ingress1egress1,Ingress1,14,14336,SF-A,1400,14336,SF-B,2100,4778,SF-C,2100,14334,Egress1,10
508,sfc-ingress1egress1,Ingress1,6,6144,SF-A,600,6144,SF-B,900,2048,SF-C,900,6144,Egress1,10
509,sfc-ingress1egress1,Ingress1,12,12288,SF-A,1200,12288,SF-B,1800,4096,SF-C,1800,12288,Egress1,10
510,sfc-ingress1egress1,Ingress1,6,6144,SF-A,600,6144,SF-B,900,2048,SF-C,900,6144,Egress1,10
511,sfc-ingress1egress1,Ingress1,9,9216,SF-A,900,9216,SF-B,1350,3072,SF-C,1350,9216,Egress1,10
512,sfc-ingress1egress1,Ingress1,9,9216,SF-A,900,9216,SF-B,1350,3072,SF-C,1350,9216,Egress1,10
513,sfc-ingress1egress1,Ingress1,11,11264,SF-A,1100,11264,SF-B,1650,3754,SF-C,1650,11262,Egress1,10
514,sfc-ingress1egress1,Ingress1,7,7168,SF-A,700,7168,SF-B,1050,2389,SF-C,1050,7167,Egress1,10
515,sfc-ingress1egress1,Ingress1,13,13312,SF-A,1300,13312,SF-B,1950,4437,SF-C,1950,13311,Egress1,10
516,sfc-ingress1egress1,Ingress1,12,12288,SF-A,1200,12288,SF-B,1800,4096,SF-C,1800,12288,Egress1,10
517,sfc-ingress1egress1,Ingress1,11,11264,SF-A,1100,11264,SF-B,1650,3754,SF-C,1650,11262,Egress1,10
518,sfc-ingress1egress1,Ingress1,7,7168,SF-A,700,7168,SF-B,1050,2389,SF-C,1050,7167,Egress1,10
519,sfc-ingress1egress1,Ingress1,10,10240,SF-A,1000,10240,SF-B,1500,3413,SF-C,1500,10239,Egress1,10
520,sfc-ingress1egress1,Ingress1,11,11264,SF-A,1100,11264,SF-B,1650,3754,SF-C,1650,11262,Egress1,10
521,sfc-ingress1egress1,Ingress1,7,7168,SF-A,700,7168,SF-B,1050,2389,SF-C,1050,7167,Egress1,10
522,sfc-ingress1egress1,Ingress1,12,12288,SF-A,1200,12288,SF-B,1800,4096,SF-C,1800,12288,Egress1,10
523,sfc-ingress1egress1,Ingress1,7,7168,SF-A,700,7168,SF-B,1050,2389,SF-C,1050,7167,Egress1,10
524,sfc-ingress1egress1,Ingress1,9,9216,SF-A,900,9216,SF-B,1350,3072,SF-C,1350,9216,Egress1,10
525,sfc-ingress1egress1,Ingress1,7,7168,SF-A,700,7168,SF-B,1050,2389,SF-C,1050,7167,Egress1,10
526,sfc-ingress1egress1,Ingress1,7,7168,SF-A,700,7168,SF-B,1050,2389,SF-C,1050,7167,Egress1,10
527,sfc-ingress1egress1,Ingress1,14,14336,SF-A,1400,14336,SF-B,2100,4778,SF-C,2100,14334,Egress1,10
528,sfc-ingress1egress1,Ingress1,5,5120,SF-A,500,5120,SF-B,750,1706,SF-C,750,5118,Egress1,10
529,sfc-ingress1egress1,Ingress1,9,9216,SF-A,900,9216,SF-B,1350,3072,SF-C,1350,9216,Egress1,10
530,sfc-ingress1egress1,Ingress1,14,14336,SF-A,1400,14336,SF-B,2100,4778,SF-C,2100,14334,Egress1,10
531,sfc-ingress1egress1,Ingress1,6,6144,SF-A,600,6144,SF-B,900,2048,SF-C,900,6144,Egress1,10
532,sfc-ingress1egress1,Ingress1,9,9216,SF-A,900,9216,SF-B,1350,3072,SF-C,1350,9216,Egress1,10
533,sfc-ingress1egress1,Ingress1,12,12288,SF-A,1200,12288,SF-B,1800,4096,SF-C,1800,12288,Egress1,10
534,sfc-ingress1egress1,Ingress1,11,11264,SF-A,1100,11264,SF-B,1650,3754,SF-C,1650,11262,Egress1,10
535,sfc-ingress1egress1,Ingress1,7,7168,SF-A,700,7168,SF-B,1050,2389,SF-C,1050,7167,Egress1,10
536,sfc-ingress1egress1,Ingress1,14,14336,SF-A,1400,14336,SF-B,2100,4778,SF-C,2100,14334,Egress1,10
537,sfc-ingress1egress1,Ingress1,11,11264,SF-A,1100,11264,SF-B,1650,3754,SF-C,1650,11262,Egress1,10
538,sfc-ingress1egress1,Ingress1,13,13312,SF-A,1300,13312,SF-B,1950,4437,SF-C,1950,13311,Egress1,10
539,sfc-ingress1egress1,Ingress1,11,11264,SF-A,1100,11264,SF-B,1650,3754,SF-C,1650,11262,Egress1,10
540,sfc-ingress1egress1,Ingress1,8,8192,SF-A,800,8192,SF-B,1200,2730,SF-C,1200,8190,Egress1,10
541,sfc-ingress1egress1,Ingress1,14,14336,SF-A,1400,14336,SF-B,2100,4778,SF-C,2100,14334,Egress1,10
542,sfc-ingress1egress1,Ingress1,6,6144,SF-A,600,6144,SF-B,900,2048,SF-C,900,6144,Egress1,10
543,sfc-ingress1egress1,Ingress1,9,9216,SF-A,900,9216,SF-B,1350,3072,SF-C,1350,9216,Egress1,10
544,sfc-ingress1egress1,Ingress1,13,13312,SF-A,1300,13312,SF-B,1950,4437,SF-C,1950,13311,Egress1,10
545,sfc-ingress1egress1,Ingress1,6,6144,SF-A,600,6144,SF-B,900,2048,SF-C,900,6144,Egress1,10
546,sfc-ingress1egress1,Ingress1,6,6144,SF-A,600,6144,SF-B,900,2048,SF-C,900,6144,Egress1,10
547,sfc-ingress1egress1,Ingress1,10,10240,SF-A,1000,10240,SF-B,1500,3413,SF-C,1500,10239,Egress1,10
548,sfc-ingress1egress1,Ingress1,6,6144,SF-A,600,6144,SF-B,900,2048,SF-C,900,6144,Egress1,10
549,sfc-ingress1egress1,Ingress1,5,5120,SF-A,500,5120,SF-B,750,1706,SF-C,750,5118,Egress1,10
550,sfc-ingress1egress1,Ingress1,10,10240,SF-A,1000,10240,SF-B,1500,3413,SF-C,1500,10239,Egress1,10
551,sfc-ingress1egress1,Ingress1,13,13312,SF-A,1300,13312,SF-B,1950,4437,SF-C,1950,13311,Egress1,10
552,sfc-ingress1egress1,Ingress1,5,5120,SF-A,500,5120,SF-B,750,1706,SF-C,750,5118,Egress1,10
553,sfc-ingress1egress1,Ingress1,7,7168,SF-A,700,7168,SF-B,1050,2389,SF-C,1050,7167,Egress1,10
554,sfc-ingress1egress1,Ingress1,6,6144,SF-A,600,6144,SF-B,900,2048,SF-C,900,6144,Egress1,10
555,sfc-ingress1egress1,Ingress1,14,14336,SF-A,1400,14336,SF-B,2100,4778,SF-C,2100,14334,Egress1,10
556,sfc-ingress1egress1,Ingress1,12,12288,SF-A,1200,12288,SF-B,1800,4096,SF-C,1800,12288,Egress1,10
557,sfc-ingress1egress1,Ingress1,13,13312,SF-A,1300,13312,SF-B,1950,4437,SF-C,1950,13311,Egress1,10
558,sfc-ingress1egress1,Ingress1,9,9216,SF-A,900,9216,SF-B,1350,3072,SF-C,1350,9216,Egress1,10
559,sfc-ingress1egress1,Ingress1,11,11264,SF-A,1100,11264,SF-B,1650,3754,SF-C,1650,11262,Egress1,10
560,sfc-ingress1egress1,Ingress1,12,12288,SF-A,1200,12288,SF-B,1800,4096,SF-C,1800,12288,Egress1,10
561,sfc-ingress1egress1,Ingress1,10,10240,SF-A,1000,10240,SF-B,1500,3413,SF-C,1500,10239,Egress1,10
562,sfc-ingress1egress1,Ingress1,10,10240,SF-A,1000,10240,SF-B,1500,3413,SF-C,1500,10239,Egress1,10
563,sfc-ingress1egress1,Ingress1,10,10240,SF-A,1000,10240,SF-B,1500,3413,SF-C,1500,10239,Egress1,10
564,sfc-ingress1egress1,Ingress1,5,5120,SF-A,500,5120,SF-B,750,1706,SF-C,750,5118,Egress1,10
565,sfc-ingress1egress1,Ingress1,12,12288,SF-A,1200,12288,SF-B,1800,4096,SF-C,1800,12288,Egress1,10
566,sfc-ingress1egress1,Ingress1,11,11264,SF-A,1100,11264,SF-B,1650,3754,SF-C,1650,11262,Egress1,10
567,sfc-ingress1egress1,Ingress1,8,8192,SF-A,800,8192,SF-B,1200,2730,SF-C,1200,8190,Egress1,10
568,sfc-ingress1egress1,Ingress1,7,7168,SF-A,700,7168,SF-B,1050,2389,SF-C,1050,7167,Egress1,10
569,sfc-ingress1egress1,Ingress1,14,14336,SF-A,1400,14336,SF-B,2100,4778,SF-C,2100,14334,Egress1,10
570,sfc-ingress1egress1,Ingress1,5,5120,SF-A,500,5120,SF-B,750,1706,SF-C,750,5118,Egress1,10
571,sfc-ingress1egress1,Ingress1,10,10240,SF-A,1000,10240,SF-B,1500,3413,SF-C,1500,10239,Egress1,10
572,sfc-ingress1egress1,Ingress1,12,12288,SF-A,1200,12288,SF-B,1800,4096,SF-C,1800,12288,Egress1,10
573,sfc-ingress1egress1,Ingress1,9,9216,SF-A,900,9216,SF-B,1350,3072,SF-C,1350,9216,Egress1,10
574,sfc-ingress1egress1,Ingress1,12,12288,SF-A,1200,12288,SF-B,1800,4096,SF-C,1800,12288,Egress1,10
575,sfc-ingress1egress1,Ingress1,7,7168,SF-A,700,7168,SF-B,1050,2389,SF-C,1050,7167,Egress1,10
576,sfc-ingress1egress1,Ingress1,13,13312,SF-A,1300,13312,SF-B,1950,4437,SF-C,1950,13311,Egress1,10
577,sfc-ingress1egress1,Ingress1,6,6144,SF-A,600,6144,SF-B,900,2048,SF-C,900,6144,Egress1,10
578,sfc-ingress1egress1,Ingress1,9,9216,SF-A,900,9216,SF-B,1350,3072,SF-C,1350,9216,Egress1,10
579,sfc-ingress1egress1,Ingress1,13,13312,SF-A,1300,13312,SF-B,1950,4437,SF-C,1950,13311,Egress1,10
580,sfc-ingress1egress1,Ingress1,6,6144,SF-A,600,6144,SF-B,900,2048,SF-C,900,6144,Egress1,10
581,sfc-ingress1egress1,Ingress1,11,11264,SF-A,1100,11264,SF-B,1650,3754,SF-C,1650,11262,Egress1,10
582,sfc-ingress1egress1,Ingress1,13,13312,SF-A,1300,13312,SF-B,1950,4437,SF-C,1950,13311,Egress1,10
583,sfc-ingress1egress1,Ingress1,14,14336,SF-A,1400,14336,SF-B,2100,4778,SF-C,2100,14334,Egress1,10
584,sfc-ingress1egress1,Ingress1,14,14336,SF-A,1400,14336,SF-B,2100,4778,SF-C,2100,14334,Egress1,10
585,sfc-ingress1egress1,Ingress1,13,13312,SF-A,1300,13312,SF-B,1950,4437,SF-C,1950,13311,Egress1,10
586,sfc-ingress1egress1,Ingress1,14,14336,SF-A,1400,14336,SF-B,2100,4778,SF-C,2100,14334,Egress1,10
587,sfc-ingress1egress1,Ingress1,10,10240,SF-A,1000,10240,SF-B,1500,3413,SF-C,1500,10239,Egress1,10
588,sfc-ingress1egress1,Ingress1,9,9216,SF-A,900,9216,SF-B,1350,3072,SF-C,1350,9216,Egress1,10
589,sfc-ingress1egress1,Ingress1,7,7168,SF-A,700,7168,SF-B,1050,2389,SF-C,1050,7167,Egress1,10
590,sfc-ingress1egress1,Ingress1,8,8192,SF-A,800,8192,SF-B,1200,2730,SF-C,1200,8190,Egress1,10
591,sfc-ingress1egress1,Ingress1,10,10240,SF-A,1000,10240,SF-B,1500,3413,SF-C,1500,10239,Egress1,10
592,sfc-ingress1egress1,Ingress1,7,7168,SF-A,700,7168,SF-B,1050,2389,SF-C,1050,7167,Egress1,10
593,sfc-ingress1egress1,Ingress1,8,8192,SF-A,800,8192,SF-B,1200,2730,SF-C,1200,8190,Egress1,10
594,sfc-ingress1egress1,Ingress1,5,5120,SF-A,500,5120,SF-B,750,1706,SF-C,750,5118,Egress1,10
595,sfc-ingress1egress1,Ingress1,11,11264,SF-A,1100,11264,SF-B,1650,3754,SF-C,1650,11262,Egress1,10
596,sfc-ingress1egress1,Ingress1,11,11264,SF-A,1100,11264,SF-B,1650,3754,SF-C,1650,11262,Egress1,10
597,sfc-ingress1egress1,Ingress1,13,13312,SF-A,1300,13312,SF-B,1950,4437,SF-C,1950,13311,Egress1,10
598,sfc-ingress1egress1,Ingress1,13,13312,SF-A,1300,13312,SF-B,1950,4437,SF-C,1950,13311,Egress1,10
599,sfc-ingress1egress1,Ingress1,6,6144,SF-A,600,6144,SF-B,900,2048,SF-C,900,6144,Egress1,10
600,sfc-ingress1egress1,Ingress1,14,14336,SF-A,1400,14336,SF-B,2100,4778,SF-C,2100,14334,Egress1,10
601,sfc-ingress1egress1,Ingress1,14,14336,SF-A,1400,14336,SF-B,2100,4778,SF-C,2100,14334,Egress1,10
602,sfc-ingress1egress1,Ingress1,12,12288,SF-A,1200,12288,SF-B,1800,4096,SF-C,1800,12288,Egress1,10
603,sfc-ingress1egress1,Ingress1,14,14336,SF-A,1400,14336,SF-B,2100,4778,SF-C,2100,14334,Egress1,10
604,sfc-ingress1egress1,Ingress1,14,14336,SF-A,1400,14336,SF-B,2100,4778,SF-C,2100,14334,Egress1,10
605,sfc-ingress1egress1,Ingress1,10,10240,SF-A,1000,10240,SF-B,1500,3413,SF-C,1500,10239,Egress1,10
606,sfc-ingress1egress1,Ingress1,13,13312,SF-A,1300,13312,SF-B,1950,4437,SF-C,1950,13311,Egress1,10
607,sfc-ingress1egress1,Ingress1,8,8192,SF-A,800,8192,SF-B,1200,2730,SF-C,1200,8190,Egress1,10
608,sfc-ingress1egress1,Ingress1,10,10240,SF-A,1000,10240,SF-B,1500,3413,SF-C,1500,10239,Egress1,10
609,sfc-ingress1egress1,Ingress1,12,12288,SF-A,1200,12288,SF-B,1800,4096,SF-C,1800,12288,Egress1,10
610,sfc-ingress1egress1,Ingress1,9,9216,SF-A,900,9216,SF-B,1350,3072,SF-C,1350,9216,Egress1,10
611,sfc-ingress1egress1,Ingress1,12,12288,SF-A,1200,12288,SF-B,1800,4096,SF-C,1800,12288,Egress1,10
612,sfc-ingress1egress1,Ingress1,5,5120,SF-A,500,5120,SF-B,750,1706,SF-C,750,5118,Egress1,10
613,sfc-ingress1egress1,Ingress1,8,8192,SF-A,800,8192,SF-B,1200,2730,SF-C,1200,8190,Egress1,10
614,sfc-ingress1egress1,Ingress1,6,6144,SF-A,600,6144,SF-B,900,2048,SF-C,900,6144,Egress1,10
615,sfc-ingress1egress1,Ingress1,9,9216,SF-A,900,9216,SF-B,1350,3072,SF-C,1350,9216,Egress1,10
616,sfc-ingress1egress1,Ingress1,7,7168,SF-A,700,7168,SF-B,1050,2389,SF-C,1050,7167,Egress1,10
617,sfc-ingress1egress1,Ingress1,11,11264,SF-A,1100,11264,SF-B,1650,3754,SF-C,1650,11262,Egress1,10
618,sfc-ingress1egress1,Ingress1,8,8192,SF-A,800,8192,SF-B,1200,2730,SF-C,1200,8190,Egress1,10
619,sfc-ingress1egress1,Ingress1,9,9216,SF-A,900,9216,SF-B,1350,3072,SF-C,1350,9216,Egress1,10
620,sfc-ingress1egress1,Ingress1,9,9216,SF-A,900,9216,SF-B,1350,3072,SF-C,1350,9216,Egress1,10
621,sfc-ingress1egress1,Ingress1,5,5120,SF-A,500,5120,SF-B,750,1706,SF-C,750,5118,Egress1,10
622,sfc-ingress1egress1,Ingress1,13,13312,SF-A,1300,13312,SF-B,1950,4437,SF-C,1950,13311,Egress1,10
623,sfc-ingress1egress1,Ingress1,7,7168,SF-A,700,7168,SF-B,1050,2389,SF-C,1050,7167,Egress1,10
624,sfc-ingress1egress1,Ingress1,7,7168,SF-A,700,7168,SF-B,1050,2389,SF-C,1050,7167,Egress1,10
625,sfc-ingress1egress1,Ingress1,7,7168,SF-A,700,7168,SF-B,1050,2389,SF-C,1050,7167,Egress1,10
626,sfc-ingress1egress1,Ingress1,14,14336,SF-A,1400,14336,SF-B,2100,4778,SF-C,2100,14334,Egress1,10
627,sfc-ingress1egress1,Ingress1,8,8192,SF-A,800,8192,SF-B,1200,2730,SF-C,1200,8190,Egress1,10
628,sfc-ingress1egress1,Ingress1,6,6144,SF-A,600,6144,SF-B,900,2048,SF-C,900,6144,Egress1,10
629,sfc-ingress1egress1,Ingress1,5,5120,SF-A,500,5120,SF-B,750,1706,SF-C,750,5118,Egress1,10
630,sfc-ingress1egress1,Ingress1,12,12288,SF-A,1200,12288,SF-B,1800,4096,SF-C,1800,12288,Egress1,10
631,sfc-ingress1egress1,Ingress1,14,14336,SF-A,1400,14336,SF-B,2100,4778,SF-C,2100,14334,Egress1,10
632,sfc-ingress1egress1,Ingress1,7,7168,SF-A,700,7168,SF-B,1050,2389,SF-C,1050,7167,Egress1,10
633,sfc-ingress1egress1,Ingress1,6,6144,SF-A,600,6144,SF-B,900,2048,SF-C,900,6144,Egress1,10
634,sfc-ingress1egress1,Ingress1,13,13312,SF-A,1300,13312,SF-B,1950,4437,SF-C,1950,13311,Egress1,10
635,sfc-ingress1egress1,Ingress1,10,10240,SF-A,1000,10240,SF-B,1500,3413,SF-C,1500,10239,Egress1,10
636,sfc-ingress1egress1,Ingress1,6,6144,SF-A,600,6144,SF-B,900,2048,SF-C,900,6144,Egress1,10
637,sfc-ingress1egress1,Ingress1,8,8192,SF-A,800,8192,SF-B,1200,2730,SF-C,1200,8190,Egress1,10
638,sfc-ingress1egress1,Ingress1,8,8192,SF-A,800,8192,SF-B,1200,2730,SF-C,1200,8190,Egress1,10
639,sfc-ingress1egress1,Ingress1,14,14336,SF-A,1400,14336,SF-B,2100,4778,SF-C,2100,14334,Egress1,10
640,sfc-ingress1egress1,Ingress1,7,7168,SF-A,700,7168,SF-B,1050,2389,SF-C,1050,7167,Egress1,10
641,sfc-ingress1egress1,Ingress1,14,14336,SF-A,1400,14336,SF-B,2100,4778,SF-C,2100,14334,Egress1,10
642,sfc-ingress1egress1,Ingress1,10,10240,SF-A,1000,10240,SF-B,1500,3413,SF-C,1500,10239,Egress1,10
643,sfc-ingress1egress1,Ingress1,13,13312,SF-A,1300,13312,SF-B,1950,4437,SF-C,1950,13311,Egress1,10
644,sfc-ingress1egress1,Ingress1,13,13312,SF-A,1300,13312,SF-B,1950,4437,SF-C,1950,13311,Egress1,10
645,sfc-ingress1egress1,Ingress1,14,14336,SF-A,1400,14336,SF-B,2100,4778,SF-C,2100,14334,Egress1,10
646,sfc-ingress1egress1,Ingress1,14,14336,SF-A,1400,14336,SF-B,2100,4778,SF-C,2100,14334,Egress1,10
647,sfc-ingress1egress1,Ingress1,10,10240,SF-A,1000,10240,SF-B,1500,3413,SF-C,1500,10239,Egress1,10
648,sfc-ingress1egress1,Ingress1,13,13312,SF-A,1300,13312,SF-B,1950,4437,SF-C,1950,13311,Egress1,10
649,sfc-ingress1egress1,Ingress1,12,12288,SF-A,1200,12288,SF-B,1800,4096,SF-C,1800,12288,Egress1,10
650,sfc-ingress1egress1,Ingress1,7,7168,SF-A,700,7168,SF-B,1050,2389,SF-C,1050,7167,Egress1,10
651,sfc-ingress1egress1,Ingress1,8,8192,SF-A,800,8192,SF-B,1200,2730,SF-C,1200,8190,Egress1,10
652,sfc-ingress1egress1,Ingress1,7,7168,SF-A,700,7168,SF-B,1050,2389,SF-C,1050,7167,Egress1,10
653,sfc-ingress1egress1,Ingress1,9,9216,SF-A,900,9216,SF-B,1350,3072,SF-C,1350,9216,Egress1,10
654,sfc-ingress1egress1,Ingress1,9,9216,SF-A,900,9216,SF-B,1350,3072,SF-C,1350,9216,Egress1,10
655,sfc-ingress1egress1,Ingress1,6,6144,SF-A,600,6144,SF-B,900,2048,SF-C,900,6144,Egress1,10
656,sfc-ingress1egress1,Ingress1,7,7168,SF-A,700,7168,SF-B,1050,2389,SF-C,1050,7167,Egress1,10
657,sfc-ingress1egress1,Ingress1,5,5120,SF-A,500,5120,SF-B,750,1706,SF-C,750,5118,Egress1,10
658,sfc-ingress1egress1,Ingress1,5,5120,SF-A,500,5120,SF-B,750,1706,SF-C,750,5118,Egress1,10
659,sfc-ingress1egress1,Ingress1,9,9216,SF-A,900,9216,SF-B,1350,3072,SF-C,1350,9216,Egress1,10
660,sfc-ingress1egress1,Ingress1,5,5120,SF-A,500,5120,SF-B,750,1706,SF-C,750,5118,Egress1,10
661,sfc-ingress1egress1,Ingress1,12,12288,SF-A,1200,12288,SF-B,1800,4096,SF-C,1800,12288,Egress1,10
662,sfc-ingress1egress1,Ingress1,8,8192,SF-A,800,8192,SF-B,1200,2730,SF-C,1200,8190,Egress1,10
663,sfc-ingress1egress1,Ingress1,7,7168,SF-A,700,7168,SF-B,1050,2389,SF-C,1050,7167,Egress1,10
664,sfc-ingress1egress1,Ingress1,14,14336,SF-A,1400,14336,SF-B,2100,4778,SF-C,2100,14334,Egress1,10
665,sfc-ingress1egress1,Ingress1,7,7168,SF-A,700,7168,SF-B,1050,2389,SF-C,1050,7167,Egress1,10
666,sfc-ingress1egress1,Ingress1,7,7168,SF-A,700,7168,SF-B,1050,2389,SF-C,1050,7167,Egress1,10
667,sfc-ingress1egress1,Ingress1,6,6144,SF-A,600,6144,SF-B,900,2048,SF-C,900,6144,Egress1,10
668,sfc-ingress1egress1,Ingress1,11,11264,SF-A,1100,11264,SF-B,1650,3754,SF-C,1650,11262,Egress1,10
669,sfc-ingress1egress1,Ingress1,12,12288,SF-A,1200,12288,SF-B,1800,4096,SF-C,1800,12288,Egress1,10
670,sfc-ingress1egress1,Ingress1,14,14336,SF-A,1400,14336,SF-B,2100,4778,SF-C,2100,14334,Egress1,10
671,sfc-ingress1egress1,Ingress1,11,11264,SF-A,1100,11264,SF-B,1650,3754,SF-C,1650,11262,Egress1,10
672,sfc-ingress1egress1,Ingress1,13,13312,SF-A,1300,13312,SF-B,1950,4437,SF-C,1950,13311,Egress1,10
673,sfc-ingress1egress1,Ingress1,5,5120,SF-A,500,5120,SF-B,750,1706,SF-C,750,5118,Egress1,10
674,sfc-ingress1egress1,Ingress1,10,10240,SF-A,1000,10240,SF-B,1500,3413,SF-C,1500,10239,Egress1,10
675,sfc-ingress1egress1,Ingress1,10,10240,SF-A,1000,10240,SF-B,1500,3413,SF-C,1500,10239,Egress1,10
676,sfc-ingress1egress1,Ingress1,12,12288,SF-A,1200,12288,SF-B,1800,4096,SF-C,1800,12288,Egress1,10
677,sfc-ingress1egress1,Ingress1,5,5120,SF-A,500,5120,SF-B,750,1706,SF-C,750,5118,Egress1,10
678,sfc-ingress1egress1,Ingress1,12,12288,SF-A,1200,12288,SF-B,1800,4096,SF-C,1800,12288,Egress1,10
679,sfc-ingress1egress1,Ingress1,11,11264,SF-A,1100,11264,SF-B,1650,3754,SF-C,1650,11262,Egress1,10
680,sfc-ingress1egress1,Ingress1,5,5120,SF-A,500,5120,SF-B,750,1706,SF-C,750,5118,Egress1,10
681,sfc-ingress1egress1,Ingress1,12,12288,SF-A,1200,12288,SF-B,1800,4096,SF-C,1800,12288,Egress1,10
682,sfc-ingress1egress1,Ingress1,11,11264,SF-A,1100,11264,SF-B,1650,3754,SF-C,1650,11262,Egress1,10
683,sfc-ingress1egress1,Ingress1,14,14336,SF-A,1400,14336,SF-B,2100,4778,SF-C,2100,14334,Egress1,10
684,sfc-ingress1egress1,Ingress1,5,5120,SF-A,500,5120,SF-B,750,1706,SF-C,750,5118,Egress1,10
685,sfc-ingress1egress1,Ingress1,6,6144,SF-A,600,6144,SF-B,900,2048,SF-C,900,6144,Egress1,10
686,sfc-ingress1egress1,Ingress1,14,14336,SF-A,1400,14336,SF-B,2100,4778,SF-C,2100,14334,Egress1,10
687,sfc-ingress1egress1,Ingress1,7,7168,SF-A,700,7168,SF-B,1050,2389,SF-C,1050,7167,Egress1,10
688,sfc-ingress1egress1,Ingress1,5,5120,SF-A,500,5120,SF-B,750,1706,SF-C,750,5118,Egress1,10
689,sfc-ingress1egress1,Ingress1,10,10240,SF-A,1000,10240,SF-B,1500,3413,SF-C,1500,10239,Egress1,10
690,sfc-ingress1egress1,Ingress1,11,11264,SF-A,1100,11264,SF-B,1650,3754,SF-C,1650,11262,Egress1,10
691,sfc-ingress1egress1,Ingress1,13,13312,SF-A,1300,13312,SF-B,1950,4437,SF-C,1950,13311,Egress1,10
692,sfc-ingress1egress1,Ingress1,7,7168,SF-A,700,7168,SF-B,1050,2389,SF-C,1050,7167,Egress1,10
693,sfc-ingress1egress1,Ingress1,14,14336,SF-A,1400,14336,SF-B,2100,4778,SF-C,2100,14334,Egress1,10
694,sfc-ingress1egress1,Ingress1,5,5120,SF-A,500,5120,SF-B,750,1706,SF-C,750,5118,Egress1,10
695,sfc-ingress1egress1,Ingress1,5,5120,SF-A,500,5120,SF-B,750,1706,SF-C,750,5118,Egress1,10
696,sfc-ingress1egress1,Ingress1,9,9216,SF-A,900,9216,SF-B,1350,3072,SF-C,1350,9216,Egress1,10
697,sfc-ingress1egress1,Ingress1,12,12288,SF-A,1200,12288,SF-B,1800,4096,SF-C,1800,12288,Egress1,10
698,sfc-ingress1egress1,Ingress1,12,12288,SF-A,1200,12288,SF-B,1800,4096,SF-C,1800,12288,Egress1,10
699,sfc-ingress1egress1,Ingress1,7,7168,SF-A,700,7168,SF-B,1050,2389,SF-C,1050,7167,Egress1,10
700,sfc-ingress1egress1,Ingress1,12,12288,SF-A,1200,12288,SF-B,1800,4096,SF-C,1800,12288,Egress1,10
701,sfc-ingress1egress1,Ingress1,7,7168,SF-A,700,7168,SF-B,1050,2389,SF-C,1050,7167,Egress1,10
702,sfc-ingress1egress1,Ingress1,9,9216,SF-A,900,9216,SF-B,1350,3072,SF-C,1350,9216,Egress1,10
703,sfc-ingress1egress1,Ingress1,7,7168,SF-A,700,7168,SF-B,1050,2389,SF-C,1050,7167,Egress1,10
704,sfc-ingress1egress1,Ingress1,5,5120,SF-A,500,5120,SF-B,750,1706,SF-C,750,5118,Egress1,10
705,sfc-ingress1egress1,Ingress1,5,5120,SF-A,500,5120,SF-B,750,1706,SF-C,750,5118,Egress1,10
706,sfc-ingress1egress1,Ingress1,12,12288,SF-A,1200,12288,SF-B,1800,4096,SF-C,1800,12288,Egress1,10
707,sfc-ingress1egress1,Ingress1,12,12288,SF-A,1200,12288,SF-B,1800,4096,SF-C,1800,12288,Egress1,10
708,sfc-ingress1egress1,Ingress1,5,5120,SF-A,500,5120,SF-B,750,1706,SF-C,750,5118,Egress1,10
709,sfc-ingress1egress1,Ingress1,7,7168,SF-A,700,7168,SF-B,1050,2389,SF-C,1050,7167,Egress1,10
710,sfc-ingress1egress1,Ingress1,14,14336,SF-A,1400,14336,SF-B,2100,4778,SF-C,2100,14334,Egress1,10
711,sfc-ingress1egress1,Ingress1,6,6144,SF-A,600,6144,SF-B,900,2048,SF-C,900,6144,Egress1,10
712,sfc-ingress1egress1,Ingress1,11,11264,SF-A,1100,11264,SF-B,1650,3754,SF-C,1650,11262,Egress1,10
713,sfc-ingress1egress1,Ingress1,12,12288,SF-A,1200,12288,SF-B,1800,4096,SF-C,1800,12288,Egress1,10
714,sfc-ingress1egress1,Ingress1,11,11264,SF-A,1100,11264,SF-B,1650,3754,SF-C,1650,11262,Egress1,10
715,sfc-ingress1egress1,Ingress1,13,13312,SF-A,1300,13312,SF-B,1950,4437,SF-C,1950,13311,Egress1,10
716,sfc-ingress1egress1,Ingress1,10,10240,SF-A,1000,10240,SF-B,1500,3413,SF-C,1500,10239,Egress1,10
717,sfc-ingress1egress1,Ingress1,11,11264,SF-A,1100,11264,SF-B,1650,3754,SF-C,1650,11262,Egress1,10
718,sfc-ingress1egress1,Ingress1,14,14336,SF-A,1400,14336,SF-B,2100,4778,SF-C,2100,14334,Egress1,10
719,sfc-ingress1egress1,Ingress1,6,6144,SF-A,600,6144,SF-B,900,2048,SF-C,900,6144,Egress1,10
720,sfc-ingress1egress1,Ingress1,11,11264,SF-A,1100,11264,SF-B,1650,3754,SF-C,1650,11262,Egress1,10
721,sfc-ingress1egress1,Ingress1,6,6144,SF-A,600,6144,SF-B,900,2048,SF-C,900,6144,Egress1,10
722,sfc-ingress1egress1,Ingress1,10,10240,SF-A,1000,10240,SF-B,1500,3413,SF-C,1500,10239,Egress1,10
723,sfc-ingress1egress1,Ingress1,10,10240,SF-A,1000,10240,SF-B,1500,3413,SF-C,1500,10239,Egress1,10
724,sfc-ingress1egress1,Ingress1,5,5120,SF-A,500,5120,SF-B,750,1706,SF-C,750,5118,Egress1,10
725,sfc-ingress1egress1,Ingress1,10,10240,SF-A,1000,10240,SF-B,1500,3413,SF-C,1500,10239,Egress1,10
726,sfc-ingress1egress1,Ingress1,12,12288,SF-A,1200,12288,SF-B,1800,4096,SF-C,1800,12288,Egress1,10
727,sfc-ingress1egress1,Ingress1,7,7168,SF-A,700,7168,SF-B,1050,2389,SF-C,1050,7167,Egress1,10
728,sfc-ingress1egress1,Ingress1,12,12288,SF-A,1200,12288,SF-B,1800,4096,SF-C,1800,12288,Egress1,10
729,sfc-ingress1egress1,Ingress1,5,5120,SF-A,500,5120,SF-B,750,1706,SF-C,750,5118,Egress1,10
730,sfc-ingress1egress1,Ingress1,11,11264,SF-A,1100,11264,SF-B,1650,3754,SF-C,1650,11262,Egress1,10
731,sfc-ingress1egress1,Ingress1,10,10240,SF-A,1000,10240,SF-B,1500,3413,SF-C,1500,10239,Egress1,10
732,sfc-ingress1egress1,Ingress1,12,12288,SF-A,1200,12288,SF-B,1800,4096,SF-C,1800,12288,Egress1,10
733,sfc-ingress1egress1,Ingress1,10,10240,SF-A,1000,10240,SF-B,1500,3413,SF-C,1500,10239,Egress1,10
734,sfc-ingress1egress1,Ingress1,7,7168,SF-A,700,7168,SF-B,1050,2389,SF-C,1050,7167,Egress1,10
735,sfc-ingress1egress1,Ingress1,14,14336,SF-A,1400,14336,SF-B,2100,4778,SF-C,2100,14334,Egress1,10
736,sfc-ingress1egress1,Ingress1,6,6144,SF-A,600,6144,SF-B,900,2048,SF-C,900,6144,Egress1,10
737,sfc-ingress1egress1,Ingress1,14,14336,SF-A,1400,14336,SF-B,2100,4778,SF-C,2100,14334,Egress1,10
738,sfc-ingress1egress1,Ingress1,8,8192,SF-A,800,8192,SF-B,1200,2730,SF-C,1200,8190,Egress1,10
739,sfc-ingress1egress1,Ingress1,9,9216,SF-A,900,9216,SF-B,1350,3072,SF-C,1350,9216,Egress1,10
740,sfc-ingress1egress1,Ingress1,9,9216,SF-A,900,9216,SF-B,1350,3072,SF-C,1350,9216,Egress1,10
741,sfc-ingress1egress1,Ingress1,10,10240,SF-A,1000,10240,SF-B,1500,3413,SF-C,1500,10239,Egress1,10
742,sfc-ingress1egress1,Ingress1,8,8192,SF-A,800,8192,SF-B,1200,2730,SF-C,1200,8190,Egress1,10
743,sfc-ingress1egress1,Ingress1,5,5120,SF-A,500,5120,SF-B,750,1706,SF-C,750,5118,Egress1,10
744,sfc-ingress1egress1,Ingress1,12,12288,SF-A,1200,12288,SF-B,1800,4096,SF-C,1800,12288,Egress1,10
745,sfc-ingress1egress1,Ingress1,5,5120,SF-A,500,5120,SF-B,750,1706,SF-C,750,5118,Egress1,10
746,sfc-ingress1egress1,Ingress1,8,8192,SF-A,800,8192,SF-B,1200,2730,SF-C,1200,8190,Egress1,10
747,sfc-ingress1egress1,Ingress1,12,12288,SF-A,1200,12288,SF-B,1800,4096,SF-C,1800,12288,Egress1,10
748,sfc-ingress1egress1,Ingress1,7,7168,SF-A,700,7168,SF-B,1050,2389,SF-C,1050,7167,Egress1,10
749,sfc-ingress1egress1,Ingress1,8,8192,SF-A,800,8192,SF-B,1200,2730,SF-C,1200,8190,Egress1,10
750,sfc-ingress1egress1,Ingress1,13,13312,SF-A,1300,13312,SF-B,1950,4437,SF-C,1950,13311,Egress1,10
751,sfc-ingress1egress1,Ingress1,12,12288,SF-A,1200,12288,SF-B,1800,4096,SF-C,1800,12288,Egress1,10
752,sfc-ingress1egress1,Ingress1,10,10240,SF-A,1000,10240,SF-B,1500,3413,SF-C,1500,10239,Egress1,10
753,sfc-ingress1egress1,Ingress1,9,9216,SF-A,900,9216,SF-B,1350,3072,SF-C,1350,9216,Egress1,10
754,sfc-ingress1egress1,Ingress1,5,5120,SF-A,500,5120,SF-B,750,1706,SF-C,750,5118,Egress1,10
755,sfc-ingress1egress1,Ingress1,5,5120,SF-A,500,5120,SF-B,750,1706,SF-C,750,5118,Egress1,10
756,sfc-ingress1egress1,Ingress1,12,12288,SF-A,1200,12288,SF-B,1800,4096,SF-C,1800,12288,Egress1,10
757,sfc-ingress1egress1,Ingress1,8,8192,SF-A,800,8192,SF-B,1200,2730,SF-C,1200,8190,Egress1,10
758,sfc-ingress1egress1,Ingress1,10,10240,SF-A,1000,10240,SF-B,1500,3413,SF-C,1500,10239,Egress1,10
759,sfc-ingress1egress1,Ingress1,11,11264,SF-A,1100,11264,SF-B,1650,3754,SF-C,1650,11262,Egress1,10
760,sfc-ingress1egress1,Ingress1,14,14336,SF-A,1400,14336,SF-B,2100,4778,SF-C,2100,14334,Egress1,10
761,sfc-ingress1egress1,Ingress1,10,10240,SF-A,1000,10240,SF-B,1500,3413,SF-C,1500,10239,Egress1,10
762,sfc-ingress1egress1,Ingress1,11,11264,SF-A,1100,11264,SF-B,1650,3754,SF-C,1650,11262,Egress1,10
763,sfc-ingress1egress1,Ingress1,5,5120,SF-A,500,5120,SF-B,750,1706,SF-C,750,5118,Egress1,10
764,sfc-ingress1egress1,Ingress1,12,12288,SF-A,1200,12288,SF-B,1800,4096,SF-C,1800,12288,Egress1,10
765,sfc-ingress1egress1,Ingress1,11,11264,SF-A,1100,11264,SF-B,1650,3754,SF-C,1650,11262,Egress1,10
766,sfc-ingress1egress1,Ingress1,8,8192,SF-A,800,8192,SF-B,1200,2730,SF-C,1200,8190,Egress1,10
767,sfc-ingress1egress1,Ingress1,13,13312,SF-A,1300,13312,SF-B,1950,4437,SF-C,1950,13311,Egress1,10
768,sfc-ingress1egress1,Ingress1,7,7168,SF-A,700,7168,SF-B,1050,2389,SF-C,1050,7167,Egress1,10
769,sfc-ingress1egress1,Ingress1,14,14336,SF-A,1400,14336,SF-B,2100,4778,SF-C,2100,14334,Egress1,10
770,sfc-ingress1egress1,Ingress1,11,11264,SF-A,1100,11264,SF-B,1650,3754,SF-C,1650,11262,Egress1,10
771,sfc-ingress1egress1,Ingress1,6,6144,SF-A,600,6144,SF-B,900,2048,SF-C,900,6144,Egress1,10
772,sfc-ingress1egress1,Ingress1,13,13312,SF-A,1300,13312,SF-B,1950,4437,SF-C,1950,13311,Egress1,10
773,sfc-ingress1egress1,Ingress1,14,14336,SF-A,1400,14336,SF-B,2100,4778,SF-C,2100,14334,Egress1,10
774,sfc-ingress1egress1,Ingress1,10,10240,SF-A,1000,10240,SF-B,1500,3413,SF-C,1500,10239,Egress1,10
775,sfc-ingress1egress1,Ingress1,5,5120,SF-A,500,5120,SF-B,750,1706,SF-C,750,5118,Egress1,10
776,sfc-ingress1egress1,Ingress1,9,9216,SF-A,900,9216,SF-B,1350,3072,SF-C,1350,9216,Egress1,10
777,sfc-ingress1egress1,Ingress1,6,6144,SF-A,600,6144,SF-B,900,2048,SF-C,900,6144,Egress1,10
778,sfc-ingress1egress1,Ingress1,14,14336,SF-A,1400,14336,SF-B,2100,4778,SF-C,2100,14334,Egress1,10
779,sfc-ingress1egress1,Ingress1,10,10240,SF-A,1000,10240,SF-B,1500,3413,SF-C,1500,10239,Egress1,10
780,sfc-ingress1egress1,Ingress1,11,11264,SF-A,1100,11264,SF-B,1650,3754,SF-C,1650,11262,Egress1,10
781,sfc-ingress1egress1,Ingress1,11,11264,SF-A,1100,11264,SF-B,1650,3754,SF-C,1650,11262,Egress1,10
782,sfc-ingress1egress1,Ingress1,13,13312,SF-A,1300,13312,SF-B,1950,4437,SF-C,1950,13311,Egress1,10
783,sfc-ingress1egress1,Ingress1,11,11264,SF-A,1100,11264,SF-B,1650,3754,SF-C,1650,11262,Egress1,10
784,sfc-ingress1egress1,Ingress1,7,7168,SF-A,700,7168,SF-B,1050,2389,SF-C,1050,7167,Egress1,10
785,sfc-ingress1egress1,Ingress1,5,5120,SF-A,500,5120,SF-B,750,1706,SF-C,750,5118,Egress1,10
786,sfc-ingress1egress1,Ingress1,12,12288,SF-A,1200,12288,SF-B,1800,4096,SF-C,1800,12288,Egress1,10
787,sfc-ingress1egress1,Ingress1,7,7168,SF-A,700,7168,SF-B,1050,2389,SF-C,1050,7167,Egress1,10
788,sfc-ingress1egress1,Ingress1,14,14336,SF-A,1400,14336,SF-B,2100,4778,SF-C,2100,14334,Egress1,10
789,sfc-ingress1egress1,Ingress1,12,12288,SF-A,1200,12288,SF-B,1800,4096,SF-C,1800,12288,Egress1,10
790,sfc-ingress1egress1,Ingress1,12,12288,SF-A,1200,12288,SF-B,1800,4096,SF-C,1800,12288,Egress1,10
791,sfc-ingress1egress1,Ingress1,9,9216,SF-A,900,9216,SF-B,1350,3072,SF-C,1350,9216,Egress1,10
792,sfc-ingress1egress1,Ingress1,10,10240,SF-A,1000,10240,SF-B,1500,3413,SF-C,1500,10239,Egress1,10
793,sfc-ingress1egress1,Ingress1,10,10240,SF-A,1000,10240,SF-B,1500,3413,SF-C,1500,10239,Egress1,10
794,sfc-ingress1egress1,Ingress1,6,6144,SF-A,600,6144,SF-B,900,2048,SF-C,900,6144,Egress1,10
795,sfc-ingress1egress1,Ingress1,10,10240,SF-A,1000,10240,SF-B,1500,3413,SF-C,1500,10239,Egress1,10
796,sfc-ingress1egress1,Ingress1,10,10240,SF-A,1000,10240,SF-B,1500,3413,SF-C,1500,10239,Egress1,10
797,sfc-ingress1egress1,Ingress1,13,13312,SF-A,1300,13312,SF-B,1950,4437,SF-C,1950,13311,Egress1,10
798,sfc-ingress1egress1,Ingress1,10,10240,SF-A,1000,10240,SF-B,1500,3413,SF-C,1500,10239,Egress1,10
799,sfc-ingress1egress1,Ingress1,5,5120,SF-A,500,5120,SF-B,750,1706,SF-C,750,5118,Egress1,10
800,sfc-ingress1egress1,Ingress1,9,9216,SF-A,900,9216,SF-B,1350,3072,SF-C,1350,9216,Egress1,10
801,sfc-ingress1egress1,Ingress1,12,12288,SF-A,1200,12288,SF-B,1800,4096,SF-C,1800,12288,Egress1,10
802,sfc-ingress1egress1,Ingress1,6,6144,SF-A,600,6144,SF-B,900,2048,SF-C,900,6144,Egress1,10
803,sfc-ingress1egress1,Ingress1,7,7168,SF-A,700,7168,SF-B,1050,2389,SF-C,1050,7167,Egress1,10
804,sfc-ingress1egress1,Ingress1,7,7168,SF-A,700,7168,SF-B,1050,2389,SF-C,1050,7167,Egress1,10
805,sfc-ingress1egress1,Ingress1,12,12288,SF-A,1200,12288,SF-B,1800,4096,SF-C,1800,12288,Egress1,10
806,sfc-ingress1egress1,Ingress1,11,11264,SF-A,1100,11264,SF-B,1650,3754,SF-C,1650,11262,Egress1,10
807,sfc-ingress1egress1,Ingress1,8,8192,SF-A,800,8192,SF-B,1200,2730,SF-C,1200,8190,Egress1,10
808,sfc-ingress1egress1,Ingress1,6,6144,SF-A,600,6144,SF-B,900,2048,SF-C,900,6144,Egress1,10
809,sfc-ingress1egress1,Ingress1,14,14336,SF-A,1400,14336,SF-B,2100,4778,SF-C,2100,14334,Egress1,10
810,sfc-ingress1egress1,Ingress1,6,6144,SF-A,600,6144,SF-B,900,2048,SF-C,900,6144,Egress1,10
811,sfc-ingress1egress1,Ingress1,5,5120,SF-A,500,5120,SF-B,750,1706,SF-C,750,5118,Egress1,10
812,sfc-ingress1egress1,Ingress1,9,9216,SF-A,900,9216,SF-B,1350,3072,SF-C,1350,9216,Egress1,10
813,sfc-ingress1egress1,Ingress1,10,10240,SF-A,1000,10240,SF-B,1500,3413,SF-C,1500,10239,Egress1,10
814,sfc-ingress1egress1,Ingress1,11,11264,SF-A,1100,11264,SF-B,1650,3754,SF-C,1650,11262,Egress1,10
815,sfc-ingress1egress1,Ingress1,5,5120,SF-A,500,5120,SF-B,750,1706,SF-C,750,5118,Egress1,10
816,sfc-ingress1egress1,Ingress1,12,12288,SF-A,1200,12288,SF-B,1800,4096,SF-C,1800,12288,Egress1,10
817,sfc-ingress1egress1,Ingress1,9,9216,SF-A,900,9216,SF-B,1350,3072,SF-C,1350,9216,Egress1,10
818,sfc-ingress1egress1,Ingress1,12,12288,SF-A,1200,12288,SF-B,1800,4096,SF-C,1800,12288,Egress1,10
819,sfc-ingress1egress1,Ingress1,8,8192,SF-A,800,8192,SF-B,1200,2730,SF-C,1200,8190,Egress1,10
820,sfc-ingress1egress1,Ingress1,8,8192,SF-A,800,8192,SF-B,1200,2730,SF-C,1200,8190,Egress1,10
821,sfc-ingress1egress1,Ingress1,5,5120,SF-A,500,5120,SF-B,750,1706,SF-C,750,5118,Egress1,10
822,sfc-ingress1egress1,Ingress1,12,12288,SF-A,1200,12288,SF-B,1800,4096,SF-C,1800,12288,Egress1,10
823,sfc-ingress1egress1,Ingress1,7,7168,SF-A,700,7168,SF-B,1050,2389,SF-C,1050,7167,Egress1,10
824,sfc-ingress1egress1,Ingress1,5,5120,SF-A,500,5120,SF-B,750,1706,SF-C,750,5118,Egress1,10
825,sfc-ingress1egress1,Ingress1,7,7168,SF-A,700,7168,SF-B,1050,2389,SF-C,1050,7167,Egress1,10
826,sfc-ingress1egress1,Ingress1,14,14336,SF-A,1400,14336,SF-B,2100,4778,SF-C,2100,14334,Egress1,10
827,sfc-ingress1egress1,Ingress1,9,9216,SF-A,900,9216,SF-B,1350,3072,SF-C,1350,9216,Egress1,10
828,sfc-ingress1egress1,Ingress1,6,6144,SF-A,600,6144,SF-B,900,2048,SF-C,900,6144,Egress1,10
829,sfc-ingress1egress1,Ingress1,9,9216,SF-A,900,9216,SF-B,1350,3072,SF-C,1350,9216,Egress1,10
830,sfc-ingress1egress1,Ingress1,9,9216,SF-A,900,9216,SF-B,1350,3072,SF-C,1350,9216,Egress1,10
831,sfc-ingress1egress1,Ingress1,5,5120,SF-A,500,5120,SF-B,750,1706,SF-C,750,5118,Egress1,10
832,sfc-ingress1egress1,Ingress1,10,10240,SF-A,1000,10240,SF-B,1500,3413,SF-C,1500,10239,Egress1,10
833,sfc-ingress1egress1,Ingress1,11,11264,SF-A,1100,11264,SF-B,1650,3754,SF-C,1650,11262,Egress1,10
834,sfc-ingress1egress1,Ingress1,13,13312,SF-A,1300,13312,SF-B,1950,4437,SF-C,1950,13311,Egress1,10
835,sfc-ingress1egress1,Ingress1,6,6144,SF-A,600,6144,SF-B,900,2048,SF-C,900,6144,Egress1,10
836,sfc-ingress1egress1,Ingress1,14,14336,SF-A,1400,14336,SF-B,2100,4778,SF-C,2100,14334,Egress1,10
837,sfc-ingress1egress1,Ingress1,7,7168,SF-A,700,7168,SF-B,1050,2389,SF-C,1050,7167,Egress1,10
838,sfc-ingress1egress1,Ingress1,7,7168,SF-A,700,7168,SF-B,1050,2389,SF-C,1050,7167,Egress1,10
839,sfc-ingress1egress1,Ingress1,12,12288,SF-A,1200,12288,SF-B,1800,4096,SF-C,1800,12288,Egress1,10
840,sfc-ingress1egress1,Ingress1,13,13312,SF-A,1300,13312,SF-B,1950,4437,SF-C,1950,13311,Egress1,10
841,sfc-ingress1egress1,Ingress1,11,11264,SF-A,1100,11264,SF-B,1650,3754,SF-C,1650,11262,Egress1,10
842,sfc-ingress1egress1,Ingress1,10,10240,SF-A,1000,10240,SF-B,1500,3413,SF-C,1500,10239,Egress1,10
843,sfc-ingress1egress1,Ingress1,10,10240,SF-A,1000,10240,SF-B,1500,3413,SF-C,1500,10239,Egress1,10
844,sfc-ingress1egress1,Ingress1,9,9216,SF-A,900,9216,SF-B,1350,3072,SF-C,1350,9216,Egress1,10
845,sfc-ingress1egress1,Ingress1,14,14336,SF-A,1400,14336,SF-B,2100,4778,SF-C,2100,14334,Egress1,10
846,sfc-ingress1egress1,Ingress1,14,14336,SF-A,1400,14336,SF-B,2100,4778,SF-C,2100,14334,Egress1,10
847,sfc-ingress1egress1,Ingress1,8,8192,SF-A,800,8192,SF-B,1200,2730,SF-C,1200,8190,Egress1,10
848,sfc-ingress1egress1,Ingress1,14,14336,SF-A,1400,14336,SF-B,2100,4778,SF-C,2100,14334,Egress1,10
849,sfc-ingress1egress1,Ingress1,8,8192,SF-A,800,8192,SF-B,1200,2730,SF-C,1200,8190,Egress1,10
850,sfc-ingress1egress1,Ingress1,14,14336,SF-A,1400,14336,SF-B,2100,4778,SF-C,2100,14334,Egress1,10
851,sfc-ingress1egress1,Ingress1,12,12288,SF-A,1200,12288,SF-B,1800,4096,SF-C,1800,12288,Egress1,10
852,sfc-ingress1egress1,Ingress1,6,6144,SF-A,600,6144,SF-B,900,2048,SF-C,900,6144,Egress1,10
853,sfc-ingress1egress1,Ingress1,6,6144,SF-A,600,6144,SF-B,900,2048,SF-C,900,6144,Egress1,10
854,sfc-ingress1egress1,Ingress1,7,7168,SF-A,700,7168,SF-B,1050,2389,SF-C,1050,7167,Egress1,10
855,sfc-ingress1egress1,Ingress1,9,9216,SF-A,900,9216,SF-B,1350,3072,SF-C,1350,9216,Egress1,10
856,sfc-ingress1egress1,Ingress1,5,5120,SF-A,500,5120,SF-B,750,1706,SF-C,750,5118,Egress1,10
857,sfc-ingress1egress1,Ingress1,13,13312,SF-A,1300,13312,SF-B,1950,4437,SF-C,1950,13311,Egress1,10
858,sfc-ingress1egress1,Ingress1,14,14336,SF-A,1400,14336,SF-B,2100,4778,SF-C,2100,14334,Egress1,10
859,sfc-ingress1egress1,Ingress1,9,9216,SF-A,900,9216,SF-B,1350,3072,SF-C,1350,9216,Egress1,10
860,sfc-ingress1egress1,Ingress1,8,8192,SF-A,800,8192,SF-B,1200,2730,SF-C,1200,8190,Egress1,10
861,sfc-ingress1egress1,Ingress1,8,8192,SF-A,800,8192,SF-B,1200,2730,SF-C,1200,8190,Egress1,10
862,sfc-ingress1egress1,Ingress1,7,7168,SF-A,700,7168,SF-B,1050,2389,SF-C,1050,7167,Egress1,10
863,sfc-ingress1egress1,Ingress1,7,7168,SF-A,700,7168,SF-B,1050,2389,SF-C,1050,7167,Egress1,10
864,sfc-ingress1egress1,Ingress1,9,9216,SF-A,900,9216,SF-B,1350,3072,SF-C,1350,9216,Egress1,10
865,sfc-ingress1egress1,Ingress1,9,9216,SF-A,900,9216,SF-B,1350,3072,SF-C,1350,9216,Egress1,10
866,sfc-ingress1egress1,Ingress1,5,5120,SF-A,500,5120,SF-B,750,1706,SF-C,750,5118,Egress1,10
867,sfc-ingress1egress1,Ingress1,6,6144,SF-A,600,6144,SF-B,900,2048,SF-C,900,6144,Egress1,10
868,sfc-ingress1egress1,Ingress1,9,9216,SF-A,900,9216,SF-B,1350,3072,SF-C,1350,9216,Egress1,10
869,sfc-ingress1egress1,Ingress1,8,8192,SF-A,800,8192,SF-B,1200,2730,SF-C,1200,8190,Egress1,10
870,sfc-ingress1egress1,Ingress1,14,14336,SF-A,1400,14336,SF-B,2100,4778,SF-C,2100,14334,Egress1,10
871,sfc-ingress1egress1,Ingress1,8,8192,SF-A,800,8192,SF-B,1200,2730,SF-C,1200,8190,Egress1,10
872,sfc-ingress1egress1,Ingress1,6,6144,SF-A,600,6144,SF-B,900,2048,SF-C,900,6144,Egress1,10
873,sfc-ingress1egress1,Ingress1,14,14336,SF-A,1400,14336,SF-B,2100,4778,SF-C,2100,14334,Egress1,10
874,sfc-ingress1egress1,Ingress1,13,13312,SF-A,1300,13312,SF-B,1950,4437,SF-C,1950,13311,Egress1,10
875,sfc-ingress1egress1,Ingress1,8,8192,SF-A,800,8192,SF-B,1200,2730,SF-C,1200,8190,Egress1,10
876,sfc-ingress1egress1,Ingress1,9,9216,SF-A,900,9216,SF-B,1350,3072,SF-C,1350,9216,Egress1,10
877,sfc-ingress1egress1,Ingress1,8,8192,SF-A,800,8192,SF-B,1200,2730,SF-C,1200,8190,Egress1,10
878,sfc-ingress1egress1,Ingress1,12,12288,SF-A,1200,12288,SF-B,1800,4096,SF-C,1800,12288,Egress1,10
879,sfc-ingress1egress1,Ingress1,10,10240,SF-A,1000,10240,SF-B,1500,3413,SF-C,1500,10239,Egress1,10
880,sfc-ingress1egress1,Ingress1,14,14336,SF-A,1400,14336,SF-B,2100,4778,SF-C,2100,14334,Egress1,10
881,sfc-ingress1egress1,Ingress1,9,9216,SF-A,900,9216,SF-B,1350,3072,SF-C,1350,9216,Egress1,10
882,sfc-ingress1egress1,Ingress1,10,10240,SF-A,1000,10240,SF-B,1500,3413,SF-C,1500,10239,Egress1,10
883,sfc-ingress1egress1,Ingress1,11,11264,SF-A,1100,11264,SF-B,1650,3754,SF-C,1650,11262,Egress1,10
884,sfc-ingress1egress1,Ingress1,9,9216,SF-A,900,9216,SF-B,1350,3072,SF-C,1350,9216,Egress1,10
885,sfc-ingress1egress1,Ingress1,14,14336,SF-A,1400,14336,SF-B,2100,4778,SF-C,2100,14334,Egress1,10
886,sfc-ingress1egress1,Ingress1,13,13312,SF-A,1300,13312,SF-B,1950,4437,SF-C,1950,13311,Egress1,10
887,sfc-ingress1egress1,Ingress1,11,11264,SF-A,1100,11264,SF-B,1650,3754,SF-C,1650,11262,Egress1,10
888,sfc-ingress1egress1,Ingress1,8,8192,SF-A,800,8192,SF-B,1200,2730,SF-C,1200,8190,Egress1,10
889,sfc-ingress1egress1,Ingress1,12,12288,SF-A,1200,12288,SF-B,1800,4096,SF-C,1800,12288,Egress1,10
890,sfc-ingress1egress1,Ingress1,6,6144,SF-A,600,6144,SF-B,900,2048,SF-C,900,6144,Egress1,10
891,sfc-ingress1egress1,Ingress1,9,9216,SF-A,900,9216,SF-B,1350,3072,SF-C,1350,9216,Egress1,10
892,sfc-ingress1egress1,Ingress1,6,6144,SF-A,600,6144,SF-B,900,2048,SF-C,900,6144,Egress1,10
893,sfc-ingress1egress1,Ingress1,12,12288,SF-A,1200,12288,SF-B,1800,4096,SF-C,1800,12288,Egress1,10
894,sfc-ingress1egress1,Ingress1,14,14336,SF-A,1400,14336,SF-B,2100,4778,SF-C,2100,14334,Egress1,10
895,sfc-ingress1egress1,Ingress1,7,7168,SF-A,700,7168,SF-B,1050,2389,SF-C,1050,7167,Egress1,10
896,sfc-ingress1egress1,Ingress1,11,11264,SF-A,1100,11264,SF-B,1650,3754,SF-C,1650,11262,Egress1,10
897,sfc-ingress1egress1,Ingress1,13,13312,SF-A,1300,13312,SF-B,1950,4437,SF-C,1950,13311,Egress1,10
898,sfc-ingress1egress1,Ingress1,11,11264,SF-A,1100,11264,SF-B,1650,3754,SF-C,1650,11262,Egress1,10
899,sfc-ingress1egress1,Ingress1,5,5120,SF-A,500,5120,SF-B,750,1706,SF-C,750,5118,Egress1,10
900,sfc-ingress1egress1,Ingress1,10,10240,SF-A,1000,10240,SF-B,1500,3413,SF-C,1500,10239,Egress1,10
901,sfc-ingress1egress1,Ingress1,7,7168,SF-A,700,7168,SF-B,1050,2389,SF-C,1050,7167,Egress1,10
902,sfc-ingress1egress1,Ingress1,11,11264,SF-A,1100,11264,SF-B,1650,3754,SF-C,1650,11262,Egress1,10
903,sfc-ingress1egress1,Ingress1,10,10240,SF-A,1000,10240,SF-B,1500,3413,SF-C,1500,10239,Egress1,10
904,sfc-ingress1egress1,Ingress1,9,9216,SF-A,900,9216,SF-B,1350,3072,SF-C,1350,9216,Egress1,10
905,sfc-ingress1egress1,Ingress1,6,6144,SF-A,600,6144,SF-B,900,2048,SF-C,900,6144,Egress1,10
906,sfc-ingress1egress1,Ingress1,8,8192,SF-A,800,8192,SF-B,1200,2730,SF-C,1200,8190,Egress1,10
907,sfc-ingress1egress1,Ingress1,13,13312,SF-A,1300,13312,SF-B,1950,4437,SF-C,1950,13311,Egress1,10
908,sfc-ingress1egress1,Ingress1,9,9216,SF-A,900,9216,SF-B,1350,3072,SF-C,1350,9216,Egress1,10
909,sfc-ingress1egress1,Ingress1,14,14336,SF-A,1400,14336,SF-B,2100,4778,SF-C,2100,14334,Egress1,10
910,sfc-ingress1egress1,Ingress1,5,5120,SF-A,500,5120,SF-B,750,1706,SF-C,750,5118,Egress1,10
911,sfc-ingress1egress1,Ingress1,13,13312,SF-A,1300,13312,SF-B,1950,4437,SF-C,1950,13311,Egress1,10
912,sfc-ingress1egress1,Ingress1,9,9216,SF-A,900,9216,SF-B,1350,3072,SF-C,1350,9216,Egress1,10
913,sfc-ingress1egress1,Ingress1,5,5120,SF-A,500,5120,SF-B,750,1706,SF-C,750,5118,Egress1,10
914,sfc-ingress1egress1,Ingress1,14,14336,SF-A,1400,14336,SF-B,2100,4778,SF-C,2100,14334,Egress1,10
915,sfc-ingress1egress1,Ingress1,12,12288,SF-A,1200,12288,SF-B,1800,4096,SF-C,1800,12288,Egress1,10
916,sfc-ingress1egress1,Ingress1,12,12288,SF-A,1200,12288,SF-B,1800,4096,SF-C,1800,12288,Egress1,10
917,sfc-ingress1egress1,Ingress1,13,13312,SF-A,1300,13312,SF-B,1950,4437,SF-C,1950,13311,Egress1,10
918,sfc-ingress1egress1,Ingress1,9,9216,SF-A,900,9216,SF-B,1350,3072,SF-C,1350,9216,Egress1,10
919,sfc-ingress1egress1,Ingress1,12,12288,SF-A,1200,12288,SF-B,1800,4096,SF-C,1800,12288,Egress1,10
920,sfc-ingress1egress1,Ingress1,6,6144,SF-A,600,6144,SF-B,900,2048,SF-C,900,6144,Egress1,10
921,sfc-ingress1egress1,Ingress1,12,12288,SF-A,1200,12288,SF-B,1800,4096,SF-C,1800,12288,Egress1,10
922,sfc-ingress1egress1,Ingress1,6,6144,SF-A,600,6144,SF-B,900,2048,SF-C,900,6144,Egress1,10
923,sfc-ingress1egress1,Ingress1,5,5120,SF-A,500,5120,SF-B,750,1706,SF-C,750,5118,Egress1,10
924,sfc-ingress1egress1,Ingress1,6,6144,SF-A,600,6144,SF-B,900,2048,SF-C,900,6144,Egress1,10
925,sfc-ingress1egress1,Ingress1,12,12288,SF-A,1200,12288,SF-B,1800,4096,SF-C,1800,12288,Egress1,10
926,sfc-ingress1egress1,Ingress1,12,12288,SF-A,1200,12288,SF-B,1800,4096,SF-C,1800,12288,Egress1,10
927,sfc-ingress1egress1,Ingress1,12,12288,SF-A,1200,12288,SF-B,1800,4096,SF-C,1800,12288,Egress1,10
928,sfc-ingress1egress1,Ingress1,7,7168,SF-A,700,7168,SF-B,1050,2389,SF-C,1050,7167,Egress1,10
929,sfc-ingress1egress1,Ingress1,12,12288,SF-A,1200,12288,SF-B,1800,4096,SF-C,1800,12288,Egress1,10
930,sfc-ingress1egress1,Ingress1,7,7168,SF-A,700,7168,SF-B,1050,2389,SF-C,1050,7167,Egress1,10
931,sfc-ingress1egress1,Ingress1,9,9216,SF-A,900,9216,SF-B,1350,3072,SF-C,1350,9216,Egress1,10
932,sfc-ingress1egress1,Ingress1,9,9216,SF-A,900,9216,SF-B,1350,3072,SF-C,1350,9216,Egress1,10
933,sfc-ingress1egress1,Ingress1,14,14336,SF-A,1400,14336,SF-B,2100,4778,SF-C,2100,14334,Egress1,10
934,sfc-ingress1egress1,Ingress1,8,8192,SF-A,800,8192,SF-B,1200,2730,SF-C,1200,8190,Egress1,10
935,sfc-ingress1egress1,Ingress1,13,13312,SF-A,1300,13312,SF-B,1950,4437,SF-C,1950,13311,Egress1,10
936,sfc-ingress1egress1,Ingress1,11,11264,SF-A,1100,11264,SF-B,1650,3754,SF-C,1650,11262,Egress1,10
937,sfc-ingress1egress1,Ingress1,10,10240,SF-A,1000,10240,SF-B,1500,3413,SF-C,1500,10239,Egress1,10
938,sfc-ingress1egress1,Ingress1,5,5120,SF-A,500,5120,SF-B,750,1706,SF-C,750,5118,Egress1,10
939,sfc-ingress1egress1,Ingress1,11,11264,SF-A,1100,11264,SF-B,1650,3754,SF-C,1650,11262,Egress1,10
940,sfc-ingress1egress1,Ingress1,5,5120,SF-A,500,5120,SF-B,750,1706,SF-C,750,5118,Egress1,10
941,sfc-ingress1egress1,Ingress1,14,14336,SF-A,1400,14336,SF-B,2100,4778,SF-C,2100,14334,Egress1,10
942,sfc-ingress1egress1,Ingress1,9,9216,SF-A,900,9216,SF-B,1350,3072,SF-C,1350,9216,Egress1,10
943,sfc-ingress1egress1,Ingress1,7,7168,SF-A,700,7168,SF-B,1050,2389,SF-C,1050,7167,Egress1,10
944,sfc-ingress1egress1,Ingress1,6,6144,SF-A,600,6144,SF-B,900,2048,SF-C,900,6144,Egress1,10
945,sfc-ingress1egress1,Ingress1,5,5120,SF-A,500,5120,SF-B,750,1706,SF-C,750,5118,Egress1,10
946,sfc-ingress1egress1,Ingress1,12,12288,SF-A,1200,12288,SF-B,1800,4096,SF-C,1800,12288,Egress1,10
947,sfc-ingress1egress1,Ingress1,11,11264,SF-A,1100,11264,SF-B,1650,3754,SF-C,1650,11262,Egress1,10
948,sfc-ingress1egress1,Ingress1,7,7168,SF-A,700,7168,SF-B,1050,2389,SF-C,1050,7167,Egress1,10
949,sfc-ingress1egress1,Ingress1,13,13312,SF-A,1300,13312,SF-B,1950,4437,SF-C,1950,13311,Egress1,10
950,sfc-ingress1egress1,Ingress1,8,8192,SF-A,800,8192,SF-B,1200,2730,SF-C,1200,8190,Egress1,10
951,sfc-ingress1egress1,Ingress1,6,6144,SF-A,600,6144,SF-B,900,2048,SF-C,900,6144,Egress1,10
952,sfc-ingress1egress1,Ingress1,10,10240,SF-A,1000,10240,SF-B,1500,3413,SF-C,1500,10239,Egress1,10
953,sfc-ingress1egress1,Ingress1,10,10240,SF-A,1000,10240,SF-B,1500,3413,SF-C,1500,10239,Egress1,10
954,sfc-ingress1egress1,Ingress1,9,9216,SF-A,900,9216,SF-B,1350,3072,SF-C,1350,9216,Egress1,10
955,sfc-ingress1egress1,Ingress1,8,8192,SF-A,800,8192,SF-B,1200,2730,SF-C,1200,8190,Egress1,10
956,sfc-ingress1egress1,Ingress1,13,13312,SF-A,1300,13312,SF-B,1950,4437,SF-C,1950,13311,Egress1,10
957,sfc-ingress1egress1,Ingress1,7,7168,SF-A,700,7168,SF-B,1050,2389,SF-C,1050,7167,Egress1,10
958,sfc-ingress1egress1,Ingress1,10,10240,SF-A,1000,10240,SF-B,1500,3413,SF-C,1500,10239,Egress1,10
959,sfc-ingress1egress1,Ingress1,12,12288,SF-A,1200,12288,SF-B,1800,4096,SF-C,1800,12288,Egress1,10
960,sfc-ingress1egress1,Ingress1,7,7168,SF-A,700,7168,SF-B,1050,2389,SF-C,1050,7167,Egress1,10
961,sfc-ingress1egress1,Ingress1,13,13312,SF-A,1300,13312,SF-B,1950,4437,SF-C,1950,13311,Egress1,10
962,sfc-ingress1egress1,Ingress1,10,10240,SF-A,1000,10240,SF-B,1500,3413,SF-C,1500,10239,Egress1,10
963,sfc-ingress1egress1,Ingress1,12,12288,SF-A,1200,12288,SF-B,1800,4096,SF-C,1800,12288,Egress1,10
964,sfc-ingress1egress1,Ingress1,5,5120,SF-A,500,5120,SF-B,750,1706,SF-C,750,5118,Egress1,10
965,sfc-ingress1egress1,Ingress1,10,10240,SF-A,1000,10240,SF-B,1500,3413,SF-C,1500,10239,Egress1,10
966,sfc-ingress1egress1,Ingress1,10,10240,SF-A,1000,10240,SF-B,1500,3413,SF-C,1500,10239,Egress1,10
967,sfc-ingress1egress1,Ingress1,11,11264,SF-A,1100,11264,SF-B,1650,3754,SF-C,1650,11262,Egress1,10
968,sfc-ingress1egress1,Ingress1,14,14336,SF-A,1400,14336,SF-B,2100,4778,SF-C,2100,14334,Egress1,10
969,sfc-ingress1egress1,Ingress1,11,11264,SF-A,1100,11264,SF-B,1650,3754,SF-C,1650,11262,Egress1,10
970,sfc-ingress1egress1,Ingress1,10,10240,SF-A,1000,10240,SF-B,1500,3413,SF-C,1500,10239,Egress1,10
971,sfc-ingress1egress1,Ingress1,9,9216,SF-A,900,9216,SF-B,1350,3072,SF-C,1350,9216,Egress1,10
972,sfc-ingress1egress1,Ingress1,5,5120,SF-A,500,5120,SF-B,750,1706,SF-C,750,5118,Egress1,10
973,sfc-ingress1egress1,Ingress1,5,5120,SF-A,500,5120,SF-B,750,1706,SF-C,750,5118,Egress1,10
974,sfc-ingress1egress1,Ingress1,9,9216,SF-A,900,9216,SF-B,1350,3072,SF-C,1350,9216,Egress1,10
975,sfc-ingress1egress1,Ingress1,5,5120,SF-A,500,5120,SF-B,750,1706,SF-C,750,5118,Egress1,10
976,sfc-ingress1egress1,Ingress1,8,8192,SF-A,800,8192,SF-B,1200,2730,SF-C,1200,8190,Egress1,10
977,sfc-ingress1egress1,Ingress1,11,11264,SF-A,1100,11264,SF-B,1650,3754,SF-C,1650,11262,Egress1,10
978,sfc-ingress1egress1,Ingress1,9,9216,SF-A,900,9216,SF-B,1350,3072,SF-C,1350,9216,Egress1,10
979,sfc-ingress1egress1,Ingress1,14,14336,SF-A,1400,14336,SF-B,2100,4778,SF-C,2100,14334,Egress1,10
980,sfc-ingress1egress1,Ingress1,8,8192,SF-A,800,8192,SF-B,1200,2730,SF-C,1200,8190,Egress1,10
981,sfc-ingress1egress1,Ingress1,13,13312,SF-A,1300,13312,SF-B,1950,4437,SF-C,1950,13311,Egress1,10
982,sfc-ingress1egress1,Ingress1,10,10240,SF-A,1000,10240,SF-B,1500,3413,SF-C,1500,10239,Egress1,10
983,sfc-ingress1egress1,Ingress1,14,14336,SF-A,1400,14336,SF-B,2100,4778,SF-C,2100,14334,Egress1,10
984,sfc-ingress1egress1,Ingress1,13,13312,SF-A,1300,13312,SF-B,1950,4437,SF-C,1950,13311,Egress1,10
985,sfc-ingress1egress1,Ingress1,6,6144,SF-A,600,6144,SF-B,900,2048,SF-C,900,6144,Egress1,10
986,sfc-ingress1egress1,Ingress1,9,9216,SF-A,900,9216,SF-B,1350,3072,SF-C,1350,9216,Egress1,10
987,sfc-ingress1egress1,Ingress1,9,9216,SF-A,900,9216,SF-B,1350,3072,SF-C,1350,9216,Egress1,10
988,sfc-ingress1egress1,Ingress1,13,13312,SF-A,1300,13312,SF-B,1950,4437,SF-C,1950,13311,Egress1,10
989,sfc-ingress1egress1,Ingress1,7,7168,SF-A,700,7168,SF-B,1050,2389,SF-C,1050,7167,Egress1,10
990,sfc-ingress1egress1,Ingress1,9,9216,SF-A,900,9216,SF-B,1350,3072,SF-C,1350,9216,Egress1,10
991,sfc-ingress1egress1,Ingress1,13,13312,SF-A,1300,13312,SF-B,1950,4437,SF-C,1950,13311,Egress1,10
992,sfc-ingress1egress1,Ingress1,8,8192,SF-A,800,8192,SF-B,1200,2730,SF-C,1200,8190,Egress1,10
993,sfc-ingress1egress1,Ingress1,12,12288,SF-A,1200,12288,SF-B,1800,4096,SF-C,1800,12288,Egress1,10
994,sfc-ingress1egress1,Ingress1,11,11264,SF-A,1100,11264,SF-B,1650,3754,SF-C,1650,11262,Egress1,10
995,sfc-ingress1egress1,Ingress1,11,11264,SF-A,1100,11264,SF-B,1650,3754,SF-C,1650,11262,Egress1,10
996,sfc-ingress1egress1,Ingress1,8,8192,SF-A,800,8192,SF-B,1200,2730,SF-C,1200,8190,Egress1,10
997,sfc-ingress1egress1,Ingress1,11,11264,SF-A,1100,11264,SF-B,1650,3754,SF-C,1650,11262,Egress1,10
998,sfc-ingress1egress1,Ingress1,8,8192,SF-A,800,8192,SF-B,1200,2730,SF-C,1200,8190,Egress1,10
999,sfc-ingress1egress1,Ingress1,6,6144,SF-A,600,6144,SF-B,900,2048,SF-C,900,6144,Egress1,10
1000,sfc-ingress1egress1,Ingress1,11,11264,SF-A,1100,11264,SF-B,1650,3754,SF-C,1650,11262,Egress1,10
