time(s),target_sfc,Ingress,InitialRequestSize,Transmission1(MB),VM1,cloudlet.1(MI),Transmission2(MB),VM2,cloudlet.2(MI),Transmission3(MB),VM3,cloudlet.3(MI),Transmission4(MB),Egress,latency_demand(s)
0.0,sfc-ingress8egress8,Ingress8,17,17,SF-A,1750,17,SF-B,2550,12,SF-C,1800,16,Egress8,1000.0
1.0,sfc-ingress8egress8,Ingress8,17,17,SF-A,1775,17,SF-B,2550,12,SF-C,1800,16,Egress8,1000.0
2.0,sfc-ingress8egress8,Ingress8,16,16,SF-A,1634,16,SF-B,2400,12,SF-C,1800,16,Egress8,1000.0
3.0,sfc-ingress8egress8,Ingress8,17,17,SF-A,1736,17,SF-B,2550,12,SF-C,1800,16,Egress8,1000.0
4.0,sfc-ingress8egress8,Ingress8,15,15,SF-A,1591,15,SF-B,2250,11,SF-C,1650,14,Egress8,1000.0
5.0,sfc-ingress8egress8,Ingress8,14,14,SF-A,1438,14,SF-B,2100,10,SF-C,1500,13,Egress8,1000.0
6.0,sfc-ingress8egress8,Ingress8,16,16,SF-A,1650,16,SF-B,2400,12,SF-C,1800,16,Egress8,1000.0
7.0,sfc-ingress8egress8,Ingress8,12,12,SF-A,1235,12,SF-B,1800,9,SF-C,1350,12,Egress8,1000.0
8.0,sfc-ingress8egress8,Ingress8,17,17,SF-A,1793,17,SF-B,2550,12,SF-C,1800,16,Egress8,1000.0
9.0,sfc-ingress8egress8,Ingress8,15,15,SF-A,1506,15,SF-B,2250,11,SF-C,1650,14,Egress8,1000.0
10.0,sfc-ingress8egress8,Ingress8,17,17,SF-A,1754,17,SF-B,2550,12,SF-C,1800,16,Egress8,1000.0
11.0,sfc-ingress8egress8,Ingress8,12,12,SF-A,1269,12,SF-B,1800,9,SF-C,1350,12,Egress8,1000.0
12.0,sfc-ingress8egress8,Ingress8,16,16,SF-A,1654,16,SF-B,2400,12,SF-C,1800,16,Egress8,1000.0
13.0,sfc-ingress8egress8,Ingress8,14,14,SF-A,1443,14,SF-B,2100,10,SF-C,1500,13,Egress8,1000.0
14.0,sfc-ingress8egress8,Ingress8,14,14,SF-A,1467,14,SF-B,2100,10,SF-C,1500,13,Egress8,1000.0
15.0,sfc-ingress8egress8,Ingress8,14,14,SF-A,1431,14,SF-B,2100,10,SF-C,1500,13,Egress8,1000.0
16.0,sfc-ingress8egress8,Ingress8,13,13,SF-A,1338,13,SF-B,1950,9,SF-C,1350,12,Egress8,1000.0
17.0,sfc-ingress8egress8,Ingress8,15,15,SF-A,1547,15,SF-B,2250,11,SF-C,1650,14,Egress8,1000.0
18.0,sfc-ingress8egress8,Ingress8,15,15,SF-A,1530,15,SF-B,2250,11,SF-C,1650,14,Egress8,1000.0
19.0,sfc-ingress8egress8,Ingress8,15,15,SF-A,1548,15,SF-B,2250,11,SF-C,1650,14,Egress8,1000.0
20.0,sfc-ingress8egress8,Ingress8,14,14,SF-A,1497,14,SF-B,2100,10,SF-C,1500,13,Egress8,1000.0
21.0,sfc-ingress8egress8,Ingress8,12,12,SF-A,1222,12,SF-B,1800,9,SF-C,1350,12,Egress8,1000.0
22.0,sfc-ingress8egress8,Ingress8,13,13,SF-A,1397,13,SF-B,1950,9,SF-C,1350,12,Egress8,1000.0
23.0,sfc-ingress8egress8,Ingress8,14,14,SF-A,1433,14,SF-B,2100,10,SF-C,1500,13,Egress8,1000.0
24.0,sfc-ingress8egress8,Ingress8,15,15,SF-A,1582,15,SF-B,2250,11,SF-C,1650,14,Egress8,1000.0
25.0,sfc-ingress8egress8,Ingress8,13,13,SF-A,1342,13,SF-B,1950,9,SF-C,1350,12,Egress8,1000.0
26.0,sfc-ingress8egress8,Ingress8,12,12,SF-A,1260,12,SF-B,1800,9,SF-C,1350,12,Egress8,1000.0
27.0,sfc-ingress8egress8,Ingress8,17,17,SF-A,1710,17,SF-B,2550,12,SF-C,1800,16,Egress8,1000.0
28.0,sfc-ingress8egress8,Ingress8,12,12,SF-A,1242,12,SF-B,1800,9,SF-C,1350,12,Egress8,1000.0
29.0,sfc-ingress8egress8,Ingress8,13,13,SF-A,1373,13,SF-B,1950,9,SF-C,1350,12,Egress8,1000.0
30.0,sfc-ingress8egress8,Ingress8,15,15,SF-A,1535,15,SF-B,2250,11,SF-C,1650,14,Egress8,1000.0
31.0,sfc-ingress8egress8,Ingress8,14,14,SF-A,1432,14,SF-B,2100,10,SF-C,1500,13,Egress8,1000.0
32.0,sfc-ingress8egress8,Ingress8,12,12,SF-A,1239,12,SF-B,1800,9,SF-C,1350,12,Egress8,1000.0
33.0,sfc-ingress8egress8,Ingress8,12,12,SF-A,1282,12,SF-B,1800,9,SF-C,1350,12,Egress8,1000.0
34.0,sfc-ingress8egress8,Ingress8,13,13,SF-A,1337,13,SF-B,1950,9,SF-C,1350,12,Egress8,1000.0
35.0,sfc-ingress8egress8,Ingress8,16,16,SF-A,1634,16,SF-B,2400,12,SF-C,1800,16,Egress8,1000.0
36.0,sfc-ingress8egress8,Ingress8,15,15,SF-A,1564,15,SF-B,2250,11,SF-C,1650,14,Egress8,1000.0
37.0,sfc-ingress8egress8,Ingress8,15,15,SF-A,1518,15,SF-B,2250,11,SF-C,1650,14,Egress8,1000.0
38.0,sfc-ingress8egress8,Ingress8,16,16,SF-A,1625,16,SF-B,2400,12,SF-C,1800,16,Egress8,1000.0
39.0,sfc-ingress8egress8,Ingress8,12,12,SF-A,1206,12,SF-B,1800,9,SF-C,1350,12,Egress8,1000.0
40.0,sfc-ingress8egress8,Ingress8,13,13,SF-A,1380,13,SF-B,1950,9,SF-C,1350,12,Egress8,1000.0
41.0,sfc-ingress8egress8,Ingress8,16,16,SF-A,1627,16,SF-B,2400,12,SF-C,1800,16,Egress8,1000.0
42.0,sfc-ingress8egress8,Ingress8,14,14,SF-A,1479,14,SF-B,2100,10,SF-C,1500,13,Egress8,1000.0
43.0,sfc-ingress8egress8,Ingress8,15,15,SF-A,1504,15,SF-B,2250,11,SF-C,1650,14,Egress8,1000.0
44.0,sfc-ingress8egress8,Ingress8,12,12,SF-A,1297,12,SF-B,1800,9,SF-C,1350,12,Egress8,1000.0
45.0,sfc-ingress8egress8,Ingress8,17,17,SF-A,1718,17,SF-B,2550,12,SF-C,1800,16,Egress8,1000.0
46.0,sfc-ingress8egress8,Ingress8,16,16,SF-A,1650,16,SF-B,2400,12,SF-C,1800,16,Egress8,1000.0
47.0,sfc-ingress8egress8,Ingress8,16,16,SF-A,1610,16,SF-B,2400,12,SF-C,1800,16,Egress8,1000.0
48.0,sfc-ingress8egress8,Ingress8,12,12,SF-A,1287,12,SF-B,1800,9,SF-C,1350,12,Egress8,1000.0
49.0,sfc-ingress8egress8,Ingress8,15,15,SF-A,1503,15,SF-B,2250,11,SF-C,1650,14,Egress8,1000.0
50.0,sfc-ingress8egress8,Ingress8,17,17,SF-A,1702,17,SF-B,2550,12,SF-C,1800,16,Egress8,1000.0
51.0,sfc-ingress8egress8,Ingress8,17,17,SF-A,1768,17,SF-B,2550,12,SF-C,1800,16,Egress8,1000.0
52.0,sfc-ingress8egress8,Ingress8,16,16,SF-A,1634,16,SF-B,2400,12,SF-C,1800,16,Egress8,1000.0
53.0,sfc-ingress8egress8,Ingress8,17,17,SF-A,1752,17,SF-B,2550,12,SF-C,1800,16,Egress8,1000.0
54.0,sfc-ingress8egress8,Ingress8,12,12,SF-A,1264,12,SF-B,1800,9,SF-C,1350,12,Egress8,1000.0
55.0,sfc-ingress8egress8,Ingress8,12,12,SF-A,1294,12,SF-B,1800,9,SF-C,1350,12,Egress8,1000.0
56.0,sfc-ingress8egress8,Ingress8,17,17,SF-A,1701,17,SF-B,2550,12,SF-C,1800,16,Egress8,1000.0
57.0,sfc-ingress8egress8,Ingress8,13,13,SF-A,1356,13,SF-B,1950,9,SF-C,1350,12,Egress8,1000.0
58.0,sfc-ingress8egress8,Ingress8,13,13,SF-A,1308,13,SF-B,1950,9,SF-C,1350,12,Egress8,1000.0
59.0,sfc-ingress8egress8,Ingress8,15,15,SF-A,1552,15,SF-B,2250,11,SF-C,1650,14,Egress8,1000.0
60.0,sfc-ingress8egress8,Ingress8,15,15,SF-A,1502,15,SF-B,2250,11,SF-C,1650,14,Egress8,1000.0
61.0,sfc-ingress8egress8,Ingress8,17,17,SF-A,1731,17,SF-B,2550,12,SF-C,1800,16,Egress8,1000.0
62.0,sfc-ingress8egress8,Ingress8,13,13,SF-A,1349,13,SF-B,1950,9,SF-C,1350,12,Egress8,1000.0
63.0,sfc-ingress8egress8,Ingress8,14,14,SF-A,1493,14,SF-B,2100,10,SF-C,1500,13,Egress8,1000.0
64.0,sfc-ingress8egress8,Ingress8,12,12,SF-A,1218,12,SF-B,1800,9,SF-C,1350,12,Egress8,1000.0
65.0,sfc-ingress8egress8,Ingress8,16,16,SF-A,1677,16,SF-B,2400,12,SF-C,1800,16,Egress8,1000.0
66.0,sfc-ingress8egress8,Ingress8,13,13,SF-A,1324,13,SF-B,1950,9,SF-C,1350,12,Egress8,1000.0
67.0,sfc-ingress8egress8,Ingress8,16,16,SF-A,1624,16,SF-B,2400,12,SF-C,1800,16,Egress8,1000.0
68.0,sfc-ingress8egress8,Ingress8,13,13,SF-A,1387,13,SF-B,1950,9,SF-C,1350,12,Egress8,1000.0
69.0,sfc-ingress8egress8,Ingress8,13,13,SF-A,1300,13,SF-B,1950,9,SF-C,1350,12,Egress8,1000.0
70.0,sfc-ingress8egress8,Ingress8,13,13,SF-A,1362,13,SF-B,1950,9,SF-C,1350,12,Egress8,1000.0
71.0,sfc-ingress8egress8,Ingress8,13,13,SF-A,1343,13,SF-B,1950,9,SF-C,1350,12,Egress8,1000.0
72.0,sfc-ingress8egress8,Ingress8,17,17,SF-A,1762,17,SF-B,2550,12,SF-C,1800,16,Egress8,1000.0
73.0,sfc-ingress8egress8,Ingress8,16,16,SF-A,1633,16,SF-B,2400,12,SF-C,1800,16,Egress8,1000.0
74.0,sfc-ingress8egress8,Ingress8,13,13,SF-A,1301,13,SF-B,1950,9,SF-C,1350,12,Egress8,1000.0
75.0,sfc-ingress8egress8,Ingress8,16,16,SF-A,1611,16,SF-B,2400,12,SF-C,1800,16,Egress8,1000.0
76.0,sfc-ingress8egress8,Ingress8,12,12,SF-A,1294,12,SF-B,1800,9,SF-C,1350,12,Egress8,1000.0
77.0,sfc-ingress8egress8,Ingress8,15,15,SF-A,1548,15,SF-B,2250,11,SF-C,1650,14,Egress8,1000.0
78.0,sfc-ingress8egress8,Ingress8,15,15,SF-A,1515,15,SF-B,2250,11,SF-C,1650,14,Egress8,1000.0
79.0,sfc-ingress8egress8,Ingress8,15,15,SF-A,1523,15,SF-B,2250,11,SF-C,1650,14,Egress8,1000.0
80.0,sfc-ingress8egress8,Ingress8,15,15,SF-A,1584,15,SF-B,2250,11,SF-C,1650,14,Egress8,1000.0
81.0,sfc-ingress8egress8,Ingress8,15,15,SF-A,1597,15,SF-B,2250,11,SF-C,1650,14,Egress8,1000.0
82.0,sfc-ingress8egress8,Ingress8,13,13,SF-A,1390,13,SF-B,1950,9,SF-C,1350,12,Egress8,1000.0
83.0,sfc-ingress8egress8,Ingress8,17,17,SF-A,1734,17,SF-B,2550,12,SF-C,1800,16,Egress8,1000.0
84.0,sfc-ingress8egress8,Ingress8,14,14,SF-A,1469,14,SF-B,2100,10,SF-C,1500,13,Egress8,1000.0
85.0,sfc-ingress8egress8,Ingress8,12,12,SF-A,1271,12,SF-B,1800,9,SF-C,1350,12,Egress8,1000.0
86.0,sfc-ingress8egress8,Ingress8,17,17,SF-A,1709,17,SF-B,2550,12,SF-C,1800,16,Egress8,1000.0
87.0,sfc-ingress8egress8,Ingress8,16,16,SF-A,1611,16,SF-B,2400,12,SF-C,1800,16,Egress8,1000.0
88.0,sfc-ingress8egress8,Ingress8,12,12,SF-A,1253,12,SF-B,1800,9,SF-C,1350,12,Egress8,1000.0
89.0,sfc-ingress8egress8,Ingress8,17,17,SF-A,1716,17,SF-B,2550,12,SF-C,1800,16,Egress8,1000.0
90.0,sfc-ingress8egress8,Ingress8,14,14,SF-A,1424,14,SF-B,2100,10,SF-C,1500,13,Egress8,1000.0
91.0,sfc-ingress8egress8,Ingress8,12,12,SF-A,1280,12,SF-B,1800,9,SF-C,1350,12,Egress8,1000.0
92.0,sfc-ingress8egress8,Ingress8,12,12,SF-A,1292,12,SF-B,1800,9,SF-C,1350,12,Egress8,1000.0
93.0,sfc-ingress8egress8,Ingress8,14,14,SF-A,1404,14,SF-B,2100,10,SF-C,1500,13,Egress8,1000.0
94.0,sfc-ingress8egress8,Ingress8,13,13,SF-A,1358,13,SF-B,1950,9,SF-C,1350,12,Egress8,1000.0
95.0,sfc-ingress8egress8,Ingress8,13,13,SF-A,1327,13,SF-B,1950,9,SF-C,1350,12,Egress8,1000.0
96.0,sfc-ingress8egress8,Ingress8,14,14,SF-A,1402,14,SF-B,2100,10,SF-C,1500,13,Egress8,1000.0
97.0,sfc-ingress8egress8,Ingress8,13,13,SF-A,1385,13,SF-B,1950,9,SF-C,1350,12,Egress8,1000.0
98.0,sfc-ingress8egress8,Ingress8,17,17,SF-A,1753,17,SF-B,2550,12,SF-C,1800,16,Egress8,1000.0
99.0,sfc-ingress8egress8,Ingress8,16,16,SF-A,1691,16,SF-B,2400,12,SF-C,1800,16,Egress8,1000.0
100.0,sfc-ingress8egress8,Ingress8,16,16,SF-A,1615,16,SF-B,2400,12,SF-C,1800,16,Egress8,1000.0
101.0,sfc-ingress8egress8,Ingress8,16,16,SF-A,1668,16,SF-B,2400,12,SF-C,1800,16,Egress8,1000.0
102.0,sfc-ingress8egress8,Ingress8,12,12,SF-A,1226,12,SF-B,1800,9,SF-C,1350,12,Egress8,1000.0
103.0,sfc-ingress8egress8,Ingress8,16,16,SF-A,1625,16,SF-B,2400,12,SF-C,1800,16,Egress8,1000.0
104.0,sfc-ingress8egress8,Ingress8,17,17,SF-A,1748,17,SF-B,2550,12,SF-C,1800,16,Egress8,1000.0
105.0,sfc-ingress8egress8,Ingress8,15,15,SF-A,1583,15,SF-B,2250,11,SF-C,1650,14,Egress8,1000.0
106.0,sfc-ingress8egress8,Ingress8,13,13,SF-A,1387,13,SF-B,1950,9,SF-C,1350,12,Egress8,1000.0
107.0,sfc-ingress8egress8,Ingress8,12,12,SF-A,1275,12,SF-B,1800,9,SF-C,1350,12,Egress8,1000.0
108.0,sfc-ingress8egress8,Ingress8,14,14,SF-A,1437,14,SF-B,2100,10,SF-C,1500,13,Egress8,1000.0
109.0,sfc-ingress8egress8,Ingress8,13,13,SF-A,1352,13,SF-B,1950,9,SF-C,1350,12,Egress8,1000.0
110.0,sfc-ingress8egress8,Ingress8,14,14,SF-A,1480,14,SF-B,2100,10,SF-C,1500,13,Egress8,1000.0
111.0,sfc-ingress8egress8,Ingress8,17,17,SF-A,1743,17,SF-B,2550,12,SF-C,1800,16,Egress8,1000.0
112.0,sfc-ingress8egress8,Ingress8,15,15,SF-A,1515,15,SF-B,2250,11,SF-C,1650,14,Egress8,1000.0
113.0,sfc-ingress8egress8,Ingress8,13,13,SF-A,1339,13,SF-B,1950,9,SF-C,1350,12,Egress8,1000.0
114.0,sfc-ingress8egress8,Ingress8,13,13,SF-A,1350,13,SF-B,1950,9,SF-C,1350,12,Egress8,1000.0
115.0,sfc-ingress8egress8,Ingress8,14,14,SF-A,1453,14,SF-B,2100,10,SF-C,1500,13,Egress8,1000.0
116.0,sfc-ingress8egress8,Ingress8,15,15,SF-A,1507,15,SF-B,2250,11,SF-C,1650,14,Egress8,1000.0
117.0,sfc-ingress8egress8,Ingress8,17,17,SF-A,1706,17,SF-B,2550,12,SF-C,1800,16,Egress8,1000.0
118.0,sfc-ingress8egress8,Ingress8,12,12,SF-A,1263,12,SF-B,1800,9,SF-C,1350,12,Egress8,1000.0
119.0,sfc-ingress8egress8,Ingress8,16,16,SF-A,1613,16,SF-B,2400,12,SF-C,1800,16,Egress8,1000.0
120.0,sfc-ingress8egress8,Ingress8,13,13,SF-A,1333,13,SF-B,1950,9,SF-C,1350,12,Egress8,1000.0
121.0,sfc-ingress8egress8,Ingress8,15,15,SF-A,1507,15,SF-B,2250,11,SF-C,1650,14,Egress8,1000.0
122.0,sfc-ingress8egress8,Ingress8,12,12,SF-A,1293,12,SF-B,1800,9,SF-C,1350,12,Egress8,1000.0
123.0,sfc-ingress8egress8,Ingress8,16,16,SF-A,1624,16,SF-B,2400,12,SF-C,1800,16,Egress8,1000.0
124.0,sfc-ingress8egress8,Ingress8,12,12,SF-A,1278,12,SF-B,1800,9,SF-C,1350,12,Egress8,1000.0
125.0,sfc-ingress8egress8,Ingress8,16,16,SF-A,1622,16,SF-B,2400,12,SF-C,1800,16,Egress8,1000.0
126.0,sfc-ingress8egress8,Ingress8,12,12,SF-A,1290,12,SF-B,1800,9,SF-C,1350,12,Egress8,1000.0
127.0,sfc-ingress8egress8,Ingress8,16,16,SF-A,1650,16,SF-B,2400,12,SF-C,1800,16,Egress8,1000.0
128.0,sfc-ingress8egress8,Ingress8,14,14,SF-A,1424,14,SF-B,2100,10,SF-C,1500,13,Egress8,1000.0
129.0,sfc-ingress8egress8,Ingress8,17,17,SF-A,1791,17,SF-B,2550,12,SF-C,1800,16,Egress8,1000.0
130.0,sfc-ingress8egress8,Ingress8,14,14,SF-A,1455,14,SF-B,2100,10,SF-C,1500,13,Egress8,1000.0
131.0,sfc-ingress8egress8,Ingress8,14,14,SF-A,1400,14,SF-B,2100,10,SF-C,1500,13,Egress8,1000.0
132.0,sfc-ingress8egress8,Ingress8,16,16,SF-A,1657,16,SF-B,2400,12,SF-C,1800,16,Egress8,1000.0
133.0,sfc-ingress8egress8,Ingress8,17,17,SF-A,1724,17,SF-B,2550,12,SF-C,1800,16,Egress8,1000.0
134.0,sfc-ingress8egress8,Ingress8,14,14,SF-A,1485,14,SF-B,2100,10,SF-C,1500,13,Egress8,1000.0
135.0,sfc-ingress8egress8,Ingress8,14,14,SF-A,1485,14,SF-B,2100,10,SF-C,1500,13,Egress8,1000.0
136.0,sfc-ingress8egress8,Ingress8,17,17,SF-A,1730,17,SF-B,2550,12,SF-C,1800,16,Egress8,1000.0
137.0,sfc-ingress8egress8,Ingress8,16,16,SF-A,1653,16,SF-B,2400,12,SF-C,1800,16,Egress8,1000.0
138.0,sfc-ingress8egress8,Ingress8,14,14,SF-A,1401,14,SF-B,2100,10,SF-C,1500,13,Egress8,1000.0
139.0,sfc-ingress8egress8,Ingress8,17,17,SF-A,1722,17,SF-B,2550,12,SF-C,1800,16,Egress8,1000.0
140.0,sfc-ingress8egress8,Ingress8,17,17,SF-A,1780,17,SF-B,2550,12,SF-C,1800,16,Egress8,1000.0
141.0,sfc-ingress8egress8,Ingress8,17,17,SF-A,1712,17,SF-B,2550,12,SF-C,1800,16,Egress8,1000.0
142.0,sfc-ingress8egress8,Ingress8,15,15,SF-A,1557,15,SF-B,2250,11,SF-C,1650,14,Egress8,1000.0
143.0,sfc-ingress8egress8,Ingress8,14,14,SF-A,1425,14,SF-B,2100,10,SF-C,1500,13,Egress8,1000.0
144.0,sfc-ingress8egress8,Ingress8,14,14,SF-A,1478,14,SF-B,2100,10,SF-C,1500,13,Egress8,1000.0
145.0,sfc-ingress8egress8,Ingress8,13,13,SF-A,1345,13,SF-B,1950,9,SF-C,1350,12,Egress8,1000.0
146.0,sfc-ingress8egress8,Ingress8,14,14,SF-A,1418,14,SF-B,2100,10,SF-C,1500,13,Egress8,1000.0
147.0,sfc-ingress8egress8,Ingress8,16,16,SF-A,1655,16,SF-B,2400,12,SF-C,1800,16,Egress8,1000.0
148.0,sfc-ingress8egress8,Ingress8,16,16,SF-A,1650,16,SF-B,2400,12,SF-C,1800,16,Egress8,1000.0
149.0,sfc-ingress8egress8,Ingress8,16,16,SF-A,1609,16,SF-B,2400,12,SF-C,1800,16,Egress8,1000.0
150.0,sfc-ingress8egress8,Ingress8,15,15,SF-A,1574,15,SF-B,2250,11,SF-C,1650,14,Egress8,1000.0
151.0,sfc-ingress8egress8,Ingress8,17,17,SF-A,1776,17,SF-B,2550,12,SF-C,1800,16,Egress8,1000.0
152.0,sfc-ingress8egress8,Ingress8,17,17,SF-A,1706,17,SF-B,2550,12,SF-C,1800,16,Egress8,1000.0
153.0,sfc-ingress8egress8,Ingress8,13,13,SF-A,1346,13,SF-B,1950,9,SF-C,1350,12,Egress8,1000.0
154.0,sfc-ingress8egress8,Ingress8,15,15,SF-A,1545,15,SF-B,2250,11,SF-C,1650,14,Egress8,1000.0
155.0,sfc-ingress8egress8,Ingress8,14,14,SF-A,1450,14,SF-B,2100,10,SF-C,1500,13,Egress8,1000.0
156.0,sfc-ingress8egress8,Ingress8,17,17,SF-A,1712,17,SF-B,2550,12,SF-C,1800,16,Egress8,1000.0
157.0,sfc-ingress8egress8,Ingress8,16,16,SF-A,1662,16,SF-B,2400,12,SF-C,1800,16,Egress8,1000.0
158.0,sfc-ingress8egress8,Ingress8,13,13,SF-A,1385,13,SF-B,1950,9,SF-C,1350,12,Egress8,1000.0
159.0,sfc-ingress8egress8,Ingress8,15,15,SF-A,1581,15,SF-B,2250,11,SF-C,1650,14,Egress8,1000.0
160.0,sfc-ingress8egress8,Ingress8,16,16,SF-A,1647,16,SF-B,2400,12,SF-C,1800,16,Egress8,1000.0
161.0,sfc-ingress8egress8,Ingress8,16,16,SF-A,1686,16,SF-B,2400,12,SF-C,1800,16,Egress8,1000.0
162.0,sfc-ingress8egress8,Ingress8,12,12,SF-A,1299,12,SF-B,1800,9,SF-C,1350,12,Egress8,1000.0
163.0,sfc-ingress8egress8,Ingress8,15,15,SF-A,1559,15,SF-B,2250,11,SF-C,1650,14,Egress8,1000.0
164.0,sfc-ingress8egress8,Ingress8,14,14,SF-A,1485,14,SF-B,2100,10,SF-C,1500,13,Egress8,1000.0
165.0,sfc-ingress8egress8,Ingress8,14,14,SF-A,1449,14,SF-B,2100,10,SF-C,1500,13,Egress8,1000.0
166.0,sfc-ingress8egress8,Ingress8,16,16,SF-A,1609,16,SF-B,2400,12,SF-C,1800,16,Egress8,1000.0
167.0,sfc-ingress8egress8,Ingress8,17,17,SF-A,1706,17,SF-B,2550,12,SF-C,1800,16,Egress8,1000.0
168.0,sfc-ingress8egress8,Ingress8,14,14,SF-A,1426,14,SF-B,2100,10,SF-C,1500,13,Egress8,1000.0
169.0,sfc-ingress8egress8,Ingress8,12,12,SF-A,1224,12,SF-B,1800,9,SF-C,1350,12,Egress8,1000.0
170.0,sfc-ingress8egress8,Ingress8,14,14,SF-A,1427,14,SF-B,2100,10,SF-C,1500,13,Egress8,1000.0
171.0,sfc-ingress8egress8,Ingress8,13,13,SF-A,1311,13,SF-B,1950,9,SF-C,1350,12,Egress8,1000.0
172.0,sfc-ingress8egress8,Ingress8,14,14,SF-A,1439,14,SF-B,2100,10,SF-C,1500,13,Egress8,1000.0
173.0,sfc-ingress8egress8,Ingress8,13,13,SF-A,1390,13,SF-B,1950,9,SF-C,1350,12,Egress8,1000.0
174.0,sfc-ingress8egress8,Ingress8,14,14,SF-A,1436,14,SF-B,2100,10,SF-C,1500,13,Egress8,1000.0
175.0,sfc-ingress8egress8,Ingress8,15,15,SF-A,1527,15,SF-B,2250,11,SF-C,1650,14,Egress8,1000.0
176.0,sfc-ingress8egress8,Ingress8,12,12,SF-A,1278,12,SF-B,1800,9,SF-C,1350,12,Egress8,1000.0
177.0,sfc-ingress8egress8,Ingress8,14,14,SF-A,1450,14,SF-B,2100,10,SF-C,1500,13,Egress8,1000.0
178.0,sfc-ingress8egress8,Ingress8,14,14,SF-A,1456,14,SF-B,2100,10,SF-C,1500,13,Egress8,1000.0
179.0,sfc-ingress8egress8,Ingress8,16,16,SF-A,1662,16,SF-B,2400,12,SF-C,1800,16,Egress8,1000.0
180.0,sfc-ingress8egress8,Ingress8,14,14,SF-A,1412,14,SF-B,2100,10,SF-C,1500,13,Egress8,1000.0
181.0,sfc-ingress8egress8,Ingress8,16,16,SF-A,1611,16,SF-B,2400,12,SF-C,1800,16,Egress8,1000.0
182.0,sfc-ingress8egress8,Ingress8,12,12,SF-A,1215,12,SF-B,1800,9,SF-C,1350,12,Egress8,1000.0
183.0,sfc-ingress8egress8,Ingress8,13,13,SF-A,1357,13,SF-B,1950,9,SF-C,1350,12,Egress8,1000.0
184.0,sfc-ingress8egress8,Ingress8,14,14,SF-A,1441,14,SF-B,2100,10,SF-C,1500,13,Egress8,1000.0
185.0,sfc-ingress8egress8,Ingress8,17,17,SF-A,1705,17,SF-B,2550,12,SF-C,1800,16,Egress8,1000.0
186.0,sfc-ingress8egress8,Ingress8,13,13,SF-A,1309,13,SF-B,1950,9,SF-C,1350,12,Egress8,1000.0
187.0,sfc-ingress8egress8,Ingress8,14,14,SF-A,1483,14,SF-B,2100,10,SF-C,1500,13,Egress8,1000.0
188.0,sfc-ingress8egress8,Ingress8,15,15,SF-A,1517,15,SF-B,2250,11,SF-C,1650,14,Egress8,1000.0
189.0,sfc-ingress8egress8,Ingress8,17,17,SF-A,1773,17,SF-B,2550,12,SF-C,1800,16,Egress8,1000.0
190.0,sfc-ingress8egress8,Ingress8,14,14,SF-A,1408,14,SF-B,2100,10,SF-C,1500,13,Egress8,1000.0
191.0,sfc-ingress8egress8,Ingress8,13,13,SF-A,1395,13,SF-B,1950,9,SF-C,1350,12,Egress8,1000.0
192.0,sfc-ingress8egress8,Ingress8,16,16,SF-A,1661,16,SF-B,2400,12,SF-C,1800,16,Egress8,1000.0
193.0,sfc-ingress8egress8,Ingress8,17,17,SF-A,1758,17,SF-B,2550,12,SF-C,1800,16,Egress8,1000.0
194.0,sfc-ingress8egress8,Ingress8,14,14,SF-A,1423,14,SF-B,2100,10,SF-C,1500,13,Egress8,1000.0
195.0,sfc-ingress8egress8,Ingress8,12,12,SF-A,1283,12,SF-B,1800,9,SF-C,1350,12,Egress8,1000.0
196.0,sfc-ingress8egress8,Ingress8,12,12,SF-A,1218,12,SF-B,1800,9,SF-C,1350,12,Egress8,1000.0
197.0,sfc-ingress8egress8,Ingress8,13,13,SF-A,1392,13,SF-B,1950,9,SF-C,1350,12,Egress8,1000.0
198.0,sfc-ingress8egress8,Ingress8,17,17,SF-A,1743,17,SF-B,2550,12,SF-C,1800,16,Egress8,1000.0
199.0,sfc-ingress8egress8,Ingress8,14,14,SF-A,1499,14,SF-B,2100,10,SF-C,1500,13,Egress8,1000.0
200.0,sfc-ingress8egress8,Ingress8,16,16,SF-A,1694,16,SF-B,2400,12,SF-C,1800,16,Egress8,1000.0
201.0,sfc-ingress8egress8,Ingress8,13,13,SF-A,1362,13,SF-B,1950,9,SF-C,1350,12,Egress8,1000.0
202.0,sfc-ingress8egress8,Ingress8,12,12,SF-A,1292,12,SF-B,1800,9,SF-C,1350,12,Egress8,1000.0
203.0,sfc-ingress8egress8,Ingress8,17,17,SF-A,1726,17,SF-B,2550,12,SF-C,1800,16,Egress8,1000.0
204.0,sfc-ingress8egress8,Ingress8,12,12,SF-A,1253,12,SF-B,1800,9,SF-C,1350,12,Egress8,1000.0
205.0,sfc-ingress8egress8,Ingress8,12,12,SF-A,1231,12,SF-B,1800,9,SF-C,1350,12,Egress8,1000.0
206.0,sfc-ingress8egress8,Ingress8,14,14,SF-A,1425,14,SF-B,2100,10,SF-C,1500,13,Egress8,1000.0
207.0,sfc-ingress8egress8,Ingress8,12,12,SF-A,1230,12,SF-B,1800,9,SF-C,1350,12,Egress8,1000.0
208.0,sfc-ingress8egress8,Ingress8,17,17,SF-A,1729,17,SF-B,2550,12,SF-C,1800,16,Egress8,1000.0
209.0,sfc-ingress8egress8,Ingress8,15,15,SF-A,1547,15,SF-B,2250,11,SF-C,1650,14,Egress8,1000.0
210.0,sfc-ingress8egress8,Ingress8,13,13,SF-A,1365,13,SF-B,1950,9,SF-C,1350,12,Egress8,1000.0
211.0,sfc-ingress8egress8,Ingress8,14,14,SF-A,1435,14,SF-B,2100,10,SF-C,1500,13,Egress8,1000.0
212.0,sfc-ingress8egress8,Ingress8,15,15,SF-A,1519,15,SF-B,2250,11,SF-C,1650,14,Egress8,1000.0
213.0,sfc-ingress8egress8,Ingress8,14,14,SF-A,1467,14,SF-B,2100,10,SF-C,1500,13,Egress8,1000.0
214.0,sfc-ingress8egress8,Ingress8,15,15,SF-A,1532,15,SF-B,2250,11,SF-C,1650,14,Egress8,1000.0
215.0,sfc-ingress8egress8,Ingress8,14,14,SF-A,1439,14,SF-B,2100,10,SF-C,1500,13,Egress8,1000.0
216.0,sfc-ingress8egress8,Ingress8,16,16,SF-A,1625,16,SF-B,2400,12,SF-C,1800,16,Egress8,1000.0
217.0,sfc-ingress8egress8,Ingress8,12,12,SF-A,1210,12,SF-B,1800,9,SF-C,1350,12,Egress8,1000.0
218.0,sfc-ingress8egress8,Ingress8,12,12,SF-A,1273,12,SF-B,1800,9,SF-C,1350,12,Egress8,1000.0
219.0,sfc-ingress8egress8,Ingress8,16,16,SF-A,1651,16,SF-B,2400,12,SF-C,1800,16,Egress8,1000.0
220.0,sfc-ingress8egress8,Ingress8,14,14,SF-A,1401,14,SF-B,2100,10,SF-C,1500,13,Egress8,1000.0
221.0,sfc-ingress8egress8,Ingress8,13,13,SF-A,1361,13,SF-B,1950,9,SF-C,1350,12,Egress8,1000.0
222.0,sfc-ingress8egress8,Ingress8,12,12,SF-A,1241,12,SF-B,1800,9,SF-C,1350,12,Egress8,1000.0
223.0,sfc-ingress8egress8,Ingress8,17,17,SF-A,1778,17,SF-B,2550,12,SF-C,1800,16,Egress8,1000.0
224.0,sfc-ingress8egress8,Ingress8,13,13,SF-A,1338,13,SF-B,1950,9,SF-C,1350,12,Egress8,1000.0
225.0,sfc-ingress8egress8,Ingress8,14,14,SF-A,1438,14,SF-B,2100,10,SF-C,1500,13,Egress8,1000.0
226.0,sfc-ingress8egress8,Ingress8,15,15,SF-A,1546,15,SF-B,2250,11,SF-C,1650,14,Egress8,1000.0
227.0,sfc-ingress8egress8,Ingress8,16,16,SF-A,1658,16,SF-B,2400,12,SF-C,1800,16,Egress8,1000.0
228.0,sfc-ingress8egress8,Ingress8,14,14,SF-A,1499,14,SF-B,2100,10,SF-C,1500,13,Egress8,1000.0
229.0,sfc-ingress8egress8,Ingress8,17,17,SF-A,1795,17,SF-B,2550,12,SF-C,1800,16,Egress8,1000.0
230.0,sfc-ingress8egress8,Ingress8,13,13,SF-A,1304,13,SF-B,1950,9,SF-C,1350,12,Egress8,1000.0
231.0,sfc-ingress8egress8,Ingress8,13,13,SF-A,1383,13,SF-B,1950,9,SF-C,1350,12,Egress8,1000.0
232.0,sfc-ingress8egress8,Ingress8,12,12,SF-A,1244,12,SF-B,1800,9,SF-C,1350,12,Egress8,1000.0
233.0,sfc-ingress8egress8,Ingress8,14,14,SF-A,1450,14,SF-B,2100,10,SF-C,1500,13,Egress8,1000.0
234.0,sfc-ingress8egress8,Ingress8,13,13,SF-A,1381,13,SF-B,1950,9,SF-C,1350,12,Egress8,1000.0
235.0,sfc-ingress8egress8,Ingress8,15,15,SF-A,1533,15,SF-B,2250,11,SF-C,1650,14,Egress8,1000.0
236.0,sfc-ingress8egress8,Ingress8,15,15,SF-A,1583,15,SF-B,2250,11,SF-C,1650,14,Egress8,1000.0
237.0,sfc-ingress8egress8,Ingress8,17,17,SF-A,1712,17,SF-B,2550,12,SF-C,1800,16,Egress8,1000.0
238.0,sfc-ingress8egress8,Ingress8,16,16,SF-A,1625,16,SF-B,2400,12,SF-C,1800,16,Egress8,1000.0
239.0,sfc-ingress8egress8,Ingress8,17,17,SF-A,1763,17,SF-B,2550,12,SF-C,1800,16,Egress8,1000.0
240.0,sfc-ingress8egress8,Ingress8,12,12,SF-A,1239,12,SF-B,1800,9,SF-C,1350,12,Egress8,1000.0
241.0,sfc-ingress8egress8,Ingress8,15,15,SF-A,1557,15,SF-B,2250,11,SF-C,1650,14,Egress8,1000.0
242.0,sfc-ingress8egress8,Ingress8,15,15,SF-A,1556,15,SF-B,2250,11,SF-C,1650,14,Egress8,1000.0
243.0,sfc-ingress8egress8,Ingress8,16,16,SF-A,1668,16,SF-B,2400,12,SF-C,1800,16,Egress8,1000.0
244.0,sfc-ingress8egress8,Ingress8,13,13,SF-A,1340,13,SF-B,1950,9,SF-C,1350,12,Egress8,1000.0
245.0,sfc-ingress8egress8,Ingress8,13,13,SF-A,1381,13,SF-B,1950,9,SF-C,1350,12,Egress8,1000.0
246.0,sfc-ingress8egress8,Ingress8,17,17,SF-A,1723,17,SF-B,2550,12,SF-C,1800,16,Egress8,1000.0
247.0,sfc-ingress8egress8,Ingress8,17,17,SF-A,1722,17,SF-B,2550,12,SF-C,1800,16,Egress8,1000.0
248.0,sfc-ingress8egress8,Ingress8,17,17,SF-A,1719,17,SF-B,2550,12,SF-C,1800,16,Egress8,1000.0
249.0,sfc-ingress8egress8,Ingress8,12,12,SF-A,1251,12,SF-B,1800,9,SF-C,1350,12,Egress8,1000.0
250.0,sfc-ingress8egress8,Ingress8,17,17,SF-A,1780,17,SF-B,2550,12,SF-C,1800,16,Egress8,1000.0
251.0,sfc-ingress8egress8,Ingress8,12,12,SF-A,1286,12,SF-B,1800,9,SF-C,1350,12,Egress8,1000.0
252.0,sfc-ingress8egress8,Ingress8,14,14,SF-A,1466,14,SF-B,2100,10,SF-C,1500,13,Egress8,1000.0
253.0,sfc-ingress8egress8,Ingress8,14,14,SF-A,1450,14,SF-B,2100,10,SF-C,1500,13,Egress8,1000.0
254.0,sfc-ingress8egress8,Ingress8,14,14,SF-A,1498,14,SF-B,2100,10,SF-C,1500,13,Egress8,1000.0
255.0,sfc-ingress8egress8,Ingress8,13,13,SF-A,1327,13,SF-B,1950,9,SF-C,1350,12,Egress8,1000.0
256.0,sfc-ingress8egress8,Ingress8,12,12,SF-A,1217,12,SF-B,1800,9,SF-C,1350,12,Egress8,1000.0
257.0,sfc-ingress8egress8,Ingress8,12,12,SF-A,1273,12,SF-B,1800,9,SF-C,1350,12,Egress8,1000.0
258.0,sfc-ingress8egress8,Ingress8,15,15,SF-A,1506,15,SF-B,2250,11,SF-C,1650,14,Egress8,1000.0
259.0,sfc-ingress8egress8,Ingress8,14,14,SF-A,1416,14,SF-B,2100,10,SF-C,1500,13,Egress8,1000.0
260.0,sfc-ingress8egress8,Ingress8,17,17,SF-A,1709,17,SF-B,2550,12,SF-C,1800,16,Egress8,1000.0
261.0,sfc-ingress8egress8,Ingress8,14,14,SF-A,1470,14,SF-B,2100,10,SF-C,1500,13,Egress8,1000.0
262.0,sfc-ingress8egress8,Ingress8,12,12,SF-A,1255,12,SF-B,1800,9,SF-C,1350,12,Egress8,1000.0
263.0,sfc-ingress8egress8,Ingress8,17,17,SF-A,1701,17,SF-B,2550,12,SF-C,1800,16,Egress8,1000.0
264.0,sfc-ingress8egress8,Ingress8,12,12,SF-A,1286,12,SF-B,1800,9,SF-C,1350,12,Egress8,1000.0
265.0,sfc-ingress8egress8,Ingress8,12,12,SF-A,1277,12,SF-B,1800,9,SF-C,1350,12,Egress8,1000.0
266.0,sfc-ingress8egress8,Ingress8,17,17,SF-A,1768,17,SF-B,2550,12,SF-C,1800,16,Egress8,1000.0
267.0,sfc-ingress8egress8,Ingress8,15,15,SF-A,1516,15,SF-B,2250,11,SF-C,1650,14,Egress8,1000.0
268.0,sfc-ingress8egress8,Ingress8,14,14,SF-A,1495,14,SF-B,2100,10,SF-C,1500,13,Egress8,1000.0
269.0,sfc-ingress8egress8,Ingress8,14,14,SF-A,1430,14,SF-B,2100,10,SF-C,1500,13,Egress8,1000.0
270.0,sfc-ingress8egress8,Ingress8,16,16,SF-A,1699,16,SF-B,2400,12,SF-C,1800,16,Egress8,1000.0
271.0,sfc-ingress8egress8,Ingress8,16,16,SF-A,1696,16,SF-B,2400,12,SF-C,1800,16,Egress8,1000.0
272.0,sfc-ingress8egress8,Ingress8,13,13,SF-A,1303,13,SF-B,1950,9,SF-C,1350,12,Egress8,1000.0
273.0,sfc-ingress8egress8,Ingress8,17,17,SF-A,1703,17,SF-B,2550,12,SF-C,1800,16,Egress8,1000.0
274.0,sfc-ingress8egress8,Ingress8,17,17,SF-A,1732,17,SF-B,2550,12,SF-C,1800,16,Egress8,1000.0
275.0,sfc-ingress8egress8,Ingress8,17,17,SF-A,1762,17,SF-B,2550,12,SF-C,1800,16,Egress8,1000.0
276.0,sfc-ingress8egress8,Ingress8,14,14,SF-A,1461,14,SF-B,2100,10,SF-C,1500,13,Egress8,1000.0
277.0,sfc-ingress8egress8,Ingress8,16,16,SF-A,1680,16,SF-B,2400,12,SF-C,1800,16,Egress8,1000.0
278.0,sfc-ingress8egress8,Ingress8,12,12,SF-A,1286,12,SF-B,1800,9,SF-C,1350,12,Egress8,1000.0
279.0,sfc-ingress8egress8,Ingress8,12,12,SF-A,1210,12,SF-B,1800,9,SF-C,1350,12,Egress8,1000.0
280.0,sfc-ingress8egress8,Ingress8,14,14,SF-A,1451,14,SF-B,2100,10,SF-C,1500,13,Egress8,1000.0
281.0,sfc-ingress8egress8,Ingress8,14,14,SF-A,1449,14,SF-B,2100,10,SF-C,1500,13,Egress8,1000.0
282.0,sfc-ingress8egress8,Ingress8,14,14,SF-A,1436,14,SF-B,2100,10,SF-C,1500,13,Egress8,1000.0
283.0,sfc-ingress8egress8,Ingress8,12,12,SF-A,1252,12,SF-B,1800,9,SF-C,1350,12,Egress8,1000.0
284.0,sfc-ingress8egress8,Ingress8,16,16,SF-A,1654,16,SF-B,2400,12,SF-C,1800,16,Egress8,1000.0
285.0,sfc-ingress8egress8,Ingress8,15,15,SF-A,1521,15,SF-B,2250,11,SF-C,1650,14,Egress8,1000.0
286.0,sfc-ingress8egress8,Ingress8,15,15,SF-A,1533,15,SF-B,2250,11,SF-C,1650,14,Egress8,1000.0
287.0,sfc-ingress8egress8,Ingress8,15,15,SF-A,1540,15,SF-B,2250,11,SF-C,1650,14,Egress8,1000.0
288.0,sfc-ingress8egress8,Ingress8,16,16,SF-A,1627,16,SF-B,2400,12,SF-C,1800,16,Egress8,1000.0
289.0,sfc-ingress8egress8,Ingress8,14,14,SF-A,1436,14,SF-B,2100,10,SF-C,1500,13,Egress8,1000.0
290.0,sfc-ingress8egress8,Ingress8,12,12,SF-A,1259,12,SF-B,1800,9,SF-C,1350,12,Egress8,1000.0
291.0,sfc-ingress8egress8,Ingress8,14,14,SF-A,1448,14,SF-B,2100,10,SF-C,1500,13,Egress8,1000.0
292.0,sfc-ingress8egress8,Ingress8,16,16,SF-A,1644,16,SF-B,2400,12,SF-C,1800,16,Egress8,1000.0
293.0,sfc-ingress8egress8,Ingress8,12,12,SF-A,1218,12,SF-B,1800,9,SF-C,1350,12,Egress8,1000.0
294.0,sfc-ingress8egress8,Ingress8,15,15,SF-A,1505,15,SF-B,2250,11,SF-C,1650,14,Egress8,1000.0
295.0,sfc-ingress8egress8,Ingress8,17,17,SF-A,1774,17,SF-B,2550,12,SF-C,1800,16,Egress8,1000.0
296.0,sfc-ingress8egress8,Ingress8,15,15,SF-A,1543,15,SF-B,2250,11,SF-C,1650,14,Egress8,1000.0
297.0,sfc-ingress8egress8,Ingress8,12,12,SF-A,1200,12,SF-B,1800,9,SF-C,1350,12,Egress8,1000.0
298.0,sfc-ingress8egress8,Ingress8,14,14,SF-A,1469,14,SF-B,2100,10,SF-C,1500,13,Egress8,1000.0
299.0,sfc-ingress8egress8,Ingress8,15,15,SF-A,1580,15,SF-B,2250,11,SF-C,1650,14,Egress8,1000.0
300.0,sfc-ingress8egress8,Ingress8,14,14,SF-A,1403,14,SF-B,2100,10,SF-C,1500,13,Egress8,1000.0
301.0,sfc-ingress8egress8,Ingress8,12,12,SF-A,1258,12,SF-B,1800,9,SF-C,1350,12,Egress8,1000.0
302.0,sfc-ingress8egress8,Ingress8,14,14,SF-A,1422,14,SF-B,2100,10,SF-C,1500,13,Egress8,1000.0
303.0,sfc-ingress8egress8,Ingress8,17,17,SF-A,1749,17,SF-B,2550,12,SF-C,1800,16,Egress8,1000.0
304.0,sfc-ingress8egress8,Ingress8,13,13,SF-A,1302,13,SF-B,1950,9,SF-C,1350,12,Egress8,1000.0
305.0,sfc-ingress8egress8,Ingress8,14,14,SF-A,1459,14,SF-B,2100,10,SF-C,1500,13,Egress8,1000.0
306.0,sfc-ingress8egress8,Ingress8,17,17,SF-A,1707,17,SF-B,2550,12,SF-C,1800,16,Egress8,1000.0
307.0,sfc-ingress8egress8,Ingress8,16,16,SF-A,1639,16,SF-B,2400,12,SF-C,1800,16,Egress8,1000.0
308.0,sfc-ingress8egress8,Ingress8,14,14,SF-A,1424,14,SF-B,2100,10,SF-C,1500,13,Egress8,1000.0
309.0,sfc-ingress8egress8,Ingress8,15,15,SF-A,1540,15,SF-B,2250,11,SF-C,1650,14,Egress8,1000.0
310.0,sfc-ingress8egress8,Ingress8,15,15,SF-A,1533,15,SF-B,2250,11,SF-C,1650,14,Egress8,1000.0
311.0,sfc-ingress8egress8,Ingress8,16,16,SF-A,1660,16,SF-B,2400,12,SF-C,1800,16,Egress8,1000.0
312.0,sfc-ingress8egress8,Ingress8,12,12,SF-A,1219,12,SF-B,1800,9,SF-C,1350,12,Egress8,1000.0
313.0,sfc-ingress8egress8,Ingress8,12,12,SF-A,1246,12,SF-B,1800,9,SF-C,1350,12,Egress8,1000.0
314.0,sfc-ingress8egress8,Ingress8,15,15,SF-A,1547,15,SF-B,2250,11,SF-C,1650,14,Egress8,1000.0
315.0,sfc-ingress8egress8,Ingress8,17,17,SF-A,1706,17,SF-B,2550,12,SF-C,1800,16,Egress8,1000.0
316.0,sfc-ingress8egress8,Ingress8,14,14,SF-A,1465,14,SF-B,2100,10,SF-C,1500,13,Egress8,1000.0
317.0,sfc-ingress8egress8,Ingress8,12,12,SF-A,1236,12,SF-B,1800,9,SF-C,1350,12,Egress8,1000.0
318.0,sfc-ingress8egress8,Ingress8,12,12,SF-A,1202,12,SF-B,1800,9,SF-C,1350,12,Egress8,1000.0
319.0,sfc-ingress8egress8,Ingress8,14,14,SF-A,1453,14,SF-B,2100,10,SF-C,1500,13,Egress8,1000.0
320.0,sfc-ingress8egress8,Ingress8,15,15,SF-A,1518,15,SF-B,2250,11,SF-C,1650,14,Egress8,1000.0
321.0,sfc-ingress8egress8,Ingress8,15,15,SF-A,1568,15,SF-B,2250,11,SF-C,1650,14,Egress8,1000.0
322.0,sfc-ingress8egress8,Ingress8,12,12,SF-A,1277,12,SF-B,1800,9,SF-C,1350,12,Egress8,1000.0
323.0,sfc-ingress8egress8,Ingress8,16,16,SF-A,1651,16,SF-B,2400,12,SF-C,1800,16,Egress8,1000.0
324.0,sfc-ingress8egress8,Ingress8,12,12,SF-A,1262,12,SF-B,1800,9,SF-C,1350,12,Egress8,1000.0
325.0,sfc-ingress8egress8,Ingress8,16,16,SF-A,1698,16,SF-B,2400,12,SF-C,1800,16,Egress8,1000.0
326.0,sfc-ingress8egress8,Ingress8,12,12,SF-A,1252,12,SF-B,1800,9,SF-C,1350,12,Egress8,1000.0
327.0,sfc-ingress8egress8,Ingress8,13,13,SF-A,1318,13,SF-B,1950,9,SF-C,1350,12,Egress8,1000.0
328.0,sfc-ingress8egress8,Ingress8,15,15,SF-A,1597,15,SF-B,2250,11,SF-C,1650,14,Egress8,1000.0
329.0,sfc-ingress8egress8,Ingress8,13,13,SF-A,1356,13,SF-B,1950,9,SF-C,1350,12,Egress8,1000.0
330.0,sfc-ingress8egress8,Ingress8,17,17,SF-A,1784,17,SF-B,2550,12,SF-C,1800,16,Egress8,1000.0
331.0,sfc-ingress8egress8,Ingress8,17,17,SF-A,1778,17,SF-B,2550,12,SF-C,1800,16,Egress8,1000.0
332.0,sfc-ingress8egress8,Ingress8,17,17,SF-A,1735,17,SF-B,2550,12,SF-C,1800,16,Egress8,1000.0
333.0,sfc-ingress8egress8,Ingress8,13,13,SF-A,1386,13,SF-B,1950,9,SF-C,1350,12,Egress8,1000.0
334.0,sfc-ingress8egress8,Ingress8,13,13,SF-A,1388,13,SF-B,1950,9,SF-C,1350,12,Egress8,1000.0
335.0,sfc-ingress8egress8,Ingress8,12,12,SF-A,1270,12,SF-B,1800,9,SF-C,1350,12,Egress8,1000.0
336.0,sfc-ingress8egress8,Ingress8,12,12,SF-A,1292,12,SF-B,1800,9,SF-C,1350,12,Egress8,1000.0
337.0,sfc-ingress8egress8,Ingress8,15,15,SF-A,1532,15,SF-B,2250,11,SF-C,1650,14,Egress8,1000.0
338.0,sfc-ingress8egress8,Ingress8,14,14,SF-A,1488,14,SF-B,2100,10,SF-C,1500,13,Egress8,1000.0
339.0,sfc-ingress8egress8,Ingress8,17,17,SF-A,1771,17,SF-B,2550,12,SF-C,1800,16,Egress8,1000.0
340.0,sfc-ingress8egress8,Ingress8,16,16,SF-A,1697,16,SF-B,2400,12,SF-C,1800,16,Egress8,1000.0
341.0,sfc-ingress8egress8,Ingress8,15,15,SF-A,1530,15,SF-B,2250,11,SF-C,1650,14,Egress8,1000.0
342.0,sfc-ingress8egress8,Ingress8,14,14,SF-A,1467,14,SF-B,2100,10,SF-C,1500,13,Egress8,1000.0
343.0,sfc-ingress8egress8,Ingress8,13,13,SF-A,1376,13,SF-B,1950,9,SF-C,1350,12,Egress8,1000.0
344.0,sfc-ingress8egress8,Ingress8,15,15,SF-A,1513,15,SF-B,2250,11,SF-C,1650,14,Egress8,1000.0
345.0,sfc-ingress8egress8,Ingress8,15,15,SF-A,1548,15,SF-B,2250,11,SF-C,1650,14,Egress8,1000.0
346.0,sfc-ingress8egress8,Ingress8,12,12,SF-A,1205,12,SF-B,1800,9,SF-C,1350,12,Egress8,1000.0
347.0,sfc-ingress8egress8,Ingress8,16,16,SF-A,1689,16,SF-B,2400,12,SF-C,1800,16,Egress8,1000.0
348.0,sfc-ingress8egress8,Ingress8,12,12,SF-A,1293,12,SF-B,1800,9,SF-C,1350,12,Egress8,1000.0
349.0,sfc-ingress8egress8,Ingress8,15,15,SF-A,1577,15,SF-B,2250,11,SF-C,1650,14,Egress8,1000.0
350.0,sfc-ingress8egress8,Ingress8,17,17,SF-A,1707,17,SF-B,2550,12,SF-C,1800,16,Egress8,1000.0
351.0,sfc-ingress8egress8,Ingress8,14,14,SF-A,1487,14,SF-B,2100,10,SF-C,1500,13,Egress8,1000.0
352.0,sfc-ingress8egress8,Ingress8,15,15,SF-A,1555,15,SF-B,2250,11,SF-C,1650,14,Egress8,1000.0
353.0,sfc-ingress8egress8,Ingress8,12,12,SF-A,1270,12,SF-B,1800,9,SF-C,1350,12,Egress8,1000.0
354.0,sfc-ingress8egress8,Ingress8,16,16,SF-A,1610,16,SF-B,2400,12,SF-C,1800,16,Egress8,1000.0
355.0,sfc-ingress8egress8,Ingress8,14,14,SF-A,1432,14,SF-B,2100,10,SF-C,1500,13,Egress8,1000.0
356.0,sfc-ingress8egress8,Ingress8,13,13,SF-A,1337,13,SF-B,1950,9,SF-C,1350,12,Egress8,1000.0
357.0,sfc-ingress8egress8,Ingress8,16,16,SF-A,1649,16,SF-B,2400,12,SF-C,1800,16,Egress8,1000.0
358.0,sfc-ingress8egress8,Ingress8,13,13,SF-A,1310,13,SF-B,1950,9,SF-C,1350,12,Egress8,1000.0
359.0,sfc-ingress8egress8,Ingress8,13,13,SF-A,1384,13,SF-B,1950,9,SF-C,1350,12,Egress8,1000.0
360.0,sfc-ingress8egress8,Ingress8,16,16,SF-A,1686,16,SF-B,2400,12,SF-C,1800,16,Egress8,1000.0
361.0,sfc-ingress8egress8,Ingress8,15,15,SF-A,1500,15,SF-B,2250,11,SF-C,1650,14,Egress8,1000.0
362.0,sfc-ingress8egress8,Ingress8,16,16,SF-A,1671,16,SF-B,2400,12,SF-C,1800,16,Egress8,1000.0
363.0,sfc-ingress8egress8,Ingress8,15,15,SF-A,1586,15,SF-B,2250,11,SF-C,1650,14,Egress8,1000.0
364.0,sfc-ingress8egress8,Ingress8,17,17,SF-A,1734,17,SF-B,2550,12,SF-C,1800,16,Egress8,1000.0
365.0,sfc-ingress8egress8,Ingress8,16,16,SF-A,1602,16,SF-B,2400,12,SF-C,1800,16,Egress8,1000.0
366.0,sfc-ingress8egress8,Ingress8,14,14,SF-A,1456,14,SF-B,2100,10,SF-C,1500,13,Egress8,1000.0
367.0,sfc-ingress8egress8,Ingress8,17,17,SF-A,1785,17,SF-B,2550,12,SF-C,1800,16,Egress8,1000.0
368.0,sfc-ingress8egress8,Ingress8,14,14,SF-A,1473,14,SF-B,2100,10,SF-C,1500,13,Egress8,1000.0
369.0,sfc-ingress8egress8,Ingress8,12,12,SF-A,1277,12,SF-B,1800,9,SF-C,1350,12,Egress8,1000.0
370.0,sfc-ingress8egress8,Ingress8,12,12,SF-A,1226,12,SF-B,1800,9,SF-C,1350,12,Egress8,1000.0
371.0,sfc-ingress8egress8,Ingress8,12,12,SF-A,1221,12,SF-B,1800,9,SF-C,1350,12,Egress8,1000.0
372.0,sfc-ingress8egress8,Ingress8,13,13,SF-A,1361,13,SF-B,1950,9,SF-C,1350,12,Egress8,1000.0
373.0,sfc-ingress8egress8,Ingress8,14,14,SF-A,1404,14,SF-B,2100,10,SF-C,1500,13,Egress8,1000.0
374.0,sfc-ingress8egress8,Ingress8,13,13,SF-A,1315,13,SF-B,1950,9,SF-C,1350,12,Egress8,1000.0
375.0,sfc-ingress8egress8,Ingress8,12,12,SF-A,1218,12,SF-B,1800,9,SF-C,1350,12,Egress8,1000.0
376.0,sfc-ingress8egress8,Ingress8,16,16,SF-A,1693,16,SF-B,2400,12,SF-C,1800,16,Egress8,1000.0
377.0,sfc-ingress8egress8,Ingress8,15,15,SF-A,1572,15,SF-B,2250,11,SF-C,1650,14,Egress8,1000.0
378.0,sfc-ingress8egress8,Ingress8,15,15,SF-A,1544,15,SF-B,2250,11,SF-C,1650,14,Egress8,1000.0
379.0,sfc-ingress8egress8,Ingress8,12,12,SF-A,1237,12,SF-B,1800,9,SF-C,1350,12,Egress8,1000.0
380.0,sfc-ingress8egress8,Ingress8,12,12,SF-A,1296,12,SF-B,1800,9,SF-C,1350,12,Egress8,1000.0
381.0,sfc-ingress8egress8,Ingress8,15,15,SF-A,1507,15,SF-B,2250,11,SF-C,1650,14,Egress8,1000.0
382.0,sfc-ingress8egress8,Ingress8,15,15,SF-A,1576,15,SF-B,2250,11,SF-C,1650,14,Egress8,1000.0
383.0,sfc-ingress8egress8,Ingress8,14,14,SF-A,1438,14,SF-B,2100,10,SF-C,1500,13,Egress8,1000.0
384.0,sfc-ingress8egress8,Ingress8,16,16,SF-A,1683,16,SF-B,2400,12,SF-C,1800,16,Egress8,1000.0
385.0,sfc-ingress8egress8,Ingress8,13,13,SF-A,1331,13,SF-B,1950,9,SF-C,1350,12,Egress8,1000.0
386.0,sfc-ingress8egress8,Ingress8,12,12,SF-A,1282,12,SF-B,1800,9,SF-C,1350,12,Egress8,1000.0
387.0,sfc-ingress8egress8,Ingress8,17,17,SF-A,1778,17,SF-B,2550,12,SF-C,1800,16,Egress8,1000.0
388.0,sfc-ingress8egress8,Ingress8,17,17,SF-A,1731,17,SF-B,2550,12,SF-C,1800,16,Egress8,1000.0
389.0,sfc-ingress8egress8,Ingress8,12,12,SF-A,1268,12,SF-B,1800,9,SF-C,1350,12,Egress8,1000.0
390.0,sfc-ingress8egress8,Ingress8,16,16,SF-A,1622,16,SF-B,2400,12,SF-C,1800,16,Egress8,1000.0
391.0,sfc-ingress8egress8,Ingress8,17,17,SF-A,1717,17,SF-B,2550,12,SF-C,1800,16,Egress8,1000.0
392.0,sfc-ingress8egress8,Ingress8,16,16,SF-A,1658,16,SF-B,2400,12,SF-C,1800,16,Egress8,1000.0
393.0,sfc-ingress8egress8,Ingress8,15,15,SF-A,1569,15,SF-B,2250,11,SF-C,1650,14,Egress8,1000.0
394.0,sfc-ingress8egress8,Ingress8,12,12,SF-A,1289,12,SF-B,1800,9,SF-C,1350,12,Egress8,1000.0
395.0,sfc-ingress8egress8,Ingress8,14,14,SF-A,1460,14,SF-B,2100,10,SF-C,1500,13,Egress8,1000.0
396.0,sfc-ingress8egress8,Ingress8,13,13,SF-A,1307,13,SF-B,1950,9,SF-C,1350,12,Egress8,1000.0
397.0,sfc-ingress8egress8,Ingress8,12,12,SF-A,1202,12,SF-B,1800,9,SF-C,1350,12,Egress8,1000.0
398.0,sfc-ingress8egress8,Ingress8,12,12,SF-A,1253,12,SF-B,1800,9,SF-C,1350,12,Egress8,1000.0
399.0,sfc-ingress8egress8,Ingress8,17,17,SF-A,1754,17,SF-B,2550,12,SF-C,1800,16,Egress8,1000.0
400.0,sfc-ingress8egress8,Ingress8,17,17,SF-A,1778,17,SF-B,2550,12,SF-C,1800,16,Egress8,1000.0
401.0,sfc-ingress8egress8,Ingress8,13,13,SF-A,1351,13,SF-B,1950,9,SF-C,1350,12,Egress8,1000.0
402.0,sfc-ingress8egress8,Ingress8,16,16,SF-A,1655,16,SF-B,2400,12,SF-C,1800,16,Egress8,1000.0
403.0,sfc-ingress8egress8,Ingress8,12,12,SF-A,1263,12,SF-B,1800,9,SF-C,1350,12,Egress8,1000.0
404.0,sfc-ingress8egress8,Ingress8,13,13,SF-A,1396,13,SF-B,1950,9,SF-C,1350,12,Egress8,1000.0
405.0,sfc-ingress8egress8,Ingress8,13,13,SF-A,1311,13,SF-B,1950,9,SF-C,1350,12,Egress8,1000.0
406.0,sfc-ingress8egress8,Ingress8,16,16,SF-A,1609,16,SF-B,2400,12,SF-C,1800,16,Egress8,1000.0
407.0,sfc-ingress8egress8,Ingress8,12,12,SF-A,1233,12,SF-B,1800,9,SF-C,1350,12,Egress8,1000.0
408.0,sfc-ingress8egress8,Ingress8,15,15,SF-A,1560,15,SF-B,2250,11,SF-C,1650,14,Egress8,1000.0
409.0,sfc-ingress8egress8,Ingress8,15,15,SF-A,1552,15,SF-B,2250,11,SF-C,1650,14,Egress8,1000.0
410.0,sfc-ingress8egress8,Ingress8,13,13,SF-A,1372,13,SF-B,1950,9,SF-C,1350,12,Egress8,1000.0
411.0,sfc-ingress8egress8,Ingress8,16,16,SF-A,1657,16,SF-B,2400,12,SF-C,1800,16,Egress8,1000.0
412.0,sfc-ingress8egress8,Ingress8,13,13,SF-A,1370,13,SF-B,1950,9,SF-C,1350,12,Egress8,1000.0
413.0,sfc-ingress8egress8,Ingress8,13,13,SF-A,1385,13,SF-B,1950,9,SF-C,1350,12,Egress8,1000.0
414.0,sfc-ingress8egress8,Ingress8,14,14,SF-A,1492,14,SF-B,2100,10,SF-C,1500,13,Egress8,1000.0
415.0,sfc-ingress8egress8,Ingress8,16,16,SF-A,1695,16,SF-B,2400,12,SF-C,1800,16,Egress8,1000.0
416.0,sfc-ingress8egress8,Ingress8,12,12,SF-A,1269,12,SF-B,1800,9,SF-C,1350,12,Egress8,1000.0
417.0,sfc-ingress8egress8,Ingress8,15,15,SF-A,1546,15,SF-B,2250,11,SF-C,1650,14,Egress8,1000.0
418.0,sfc-ingress8egress8,Ingress8,12,12,SF-A,1216,12,SF-B,1800,9,SF-C,1350,12,Egress8,1000.0
419.0,sfc-ingress8egress8,Ingress8,14,14,SF-A,1479,14,SF-B,2100,10,SF-C,1500,13,Egress8,1000.0
420.0,sfc-ingress8egress8,Ingress8,12,12,SF-A,1268,12,SF-B,1800,9,SF-C,1350,12,Egress8,1000.0
421.0,sfc-ingress8egress8,Ingress8,14,14,SF-A,1416,14,SF-B,2100,10,SF-C,1500,13,Egress8,1000.0
422.0,sfc-ingress8egress8,Ingress8,13,13,SF-A,1330,13,SF-B,1950,9,SF-C,1350,12,Egress8,1000.0
423.0,sfc-ingress8egress8,Ingress8,13,13,SF-A,1301,13,SF-B,1950,9,SF-C,1350,12,Egress8,1000.0
424.0,sfc-ingress8egress8,Ingress8,12,12,SF-A,1274,12,SF-B,1800,9,SF-C,1350,12,Egress8,1000.0
425.0,sfc-ingress8egress8,Ingress8,14,14,SF-A,1454,14,SF-B,2100,10,SF-C,1500,13,Egress8,1000.0
426.0,sfc-ingress8egress8,Ingress8,17,17,SF-A,1739,17,SF-B,2550,12,SF-C,1800,16,Egress8,1000.0
427.0,sfc-ingress8egress8,Ingress8,17,17,SF-A,1777,17,SF-B,2550,12,SF-C,1800,16,Egress8,1000.0
428.0,sfc-ingress8egress8,Ingress8,15,15,SF-A,1511,15,SF-B,2250,11,SF-C,1650,14,Egress8,1000.0
429.0,sfc-ingress8egress8,Ingress8,12,12,SF-A,1287,12,SF-B,1800,9,SF-C,1350,12,Egress8,1000.0
430.0,sfc-ingress8egress8,Ingress8,17,17,SF-A,1736,17,SF-B,2550,12,SF-C,1800,16,Egress8,1000.0
431.0,sfc-ingress8egress8,Ingress8,13,13,SF-A,1366,13,SF-B,1950,9,SF-C,1350,12,Egress8,1000.0
432.0,sfc-ingress8egress8,Ingress8,14,14,SF-A,1414,14,SF-B,2100,10,SF-C,1500,13,Egress8,1000.0
433.0,sfc-ingress8egress8,Ingress8,14,14,SF-A,1497,14,SF-B,2100,10,SF-C,1500,13,Egress8,1000.0
434.0,sfc-ingress8egress8,Ingress8,17,17,SF-A,1720,17,SF-B,2550,12,SF-C,1800,16,Egress8,1000.0
435.0,sfc-ingress8egress8,Ingress8,15,15,SF-A,1569,15,SF-B,2250,11,SF-C,1650,14,Egress8,1000.0
436.0,sfc-ingress8egress8,Ingress8,15,15,SF-A,1502,15,SF-B,2250,11,SF-C,1650,14,Egress8,1000.0
437.0,sfc-ingress8egress8,Ingress8,17,17,SF-A,1763,17,SF-B,2550,12,SF-C,1800,16,Egress8,1000.0
438.0,sfc-ingress8egress8,Ingress8,15,15,SF-A,1574,15,SF-B,2250,11,SF-C,1650,14,Egress8,1000.0
439.0,sfc-ingress8egress8,Ingress8,12,12,SF-A,1222,12,SF-B,1800,9,SF-C,1350,12,Egress8,1000.0
440.0,sfc-ingress8egress8,Ingress8,17,17,SF-A,1702,17,SF-B,2550,12,SF-C,1800,16,Egress8,1000.0
441.0,sfc-ingress8egress8,Ingress8,17,17,SF-A,1797,17,SF-B,2550,12,SF-C,1800,16,Egress8,1000.0
442.0,sfc-ingress8egress8,Ingress8,15,15,SF-A,1533,15,SF-B,2250,11,SF-C,1650,14,Egress8,1000.0
443.0,sfc-ingress8egress8,Ingress8,17,17,SF-A,1760,17,SF-B,2550,12,SF-C,1800,16,Egress8,1000.0
444.0,sfc-ingress8egress8,Ingress8,16,16,SF-A,1657,16,SF-B,2400,12,SF-C,1800,16,Egress8,1000.0
445.0,sfc-ingress8egress8,Ingress8,14,14,SF-A,1475,14,SF-B,2100,10,SF-C,1500,13,Egress8,1000.0
446.0,sfc-ingress8egress8,Ingress8,12,12,SF-A,1208,12,SF-B,1800,9,SF-C,1350,12,Egress8,1000.0
447.0,sfc-ingress8egress8,Ingress8,12,12,SF-A,1223,12,SF-B,1800,9,SF-C,1350,12,Egress8,1000.0
448.0,sfc-ingress8egress8,Ingress8,15,15,SF-A,1553,15,SF-B,2250,11,SF-C,1650,14,Egress8,1000.0
449.0,sfc-ingress8egress8,Ingress8,17,17,SF-A,1730,17,SF-B,2550,12,SF-C,1800,16,Egress8,1000.0
450.0,sfc-ingress8egress8,Ingress8,15,15,SF-A,1509,15,SF-B,2250,11,SF-C,1650,14,Egress8,1000.0
451.0,sfc-ingress8egress8,Ingress8,17,17,SF-A,1768,17,SF-B,2550,12,SF-C,1800,16,Egress8,1000.0
452.0,sfc-ingress8egress8,Ingress8,15,15,SF-A,1592,15,SF-B,2250,11,SF-C,1650,14,Egress8,1000.0
453.0,sfc-ingress8egress8,Ingress8,16,16,SF-A,1624,16,SF-B,2400,12,SF-C,1800,16,Egress8,1000.0
454.0,sfc-ingress8egress8,Ingress8,17,17,SF-A,1705,17,SF-B,2550,12,SF-C,1800,16,Egress8,1000.0
455.0,sfc-ingress8egress8,Ingress8,16,16,SF-A,1604,16,SF-B,2400,12,SF-C,1800,16,Egress8,1000.0
456.0,sfc-ingress8egress8,Ingress8,16,16,SF-A,1603,16,SF-B,2400,12,SF-C,1800,16,Egress8,1000.0
457.0,sfc-ingress8egress8,Ingress8,13,13,SF-A,1398,13,SF-B,1950,9,SF-C,1350,12,Egress8,1000.0
458.0,sfc-ingress8egress8,Ingress8,16,16,SF-A,1621,16,SF-B,2400,12,SF-C,1800,16,Egress8,1000.0
459.0,sfc-ingress8egress8,Ingress8,16,16,SF-A,1640,16,SF-B,2400,12,SF-C,1800,16,Egress8,1000.0
460.0,sfc-ingress8egress8,Ingress8,12,12,SF-A,1204,12,SF-B,1800,9,SF-C,1350,12,Egress8,1000.0
461.0,sfc-ingress8egress8,Ingress8,13,13,SF-A,1362,13,SF-B,1950,9,SF-C,1350,12,Egress8,1000.0
462.0,sfc-ingress8egress8,Ingress8,14,14,SF-A,1428,14,SF-B,2100,10,SF-C,1500,13,Egress8,1000.0
463.0,sfc-ingress8egress8,Ingress8,12,12,SF-A,1204,12,SF-B,1800,9,SF-C,1350,12,Egress8,1000.0
464.0,sfc-ingress8egress8,Ingress8,12,12,SF-A,1245,12,SF-B,1800,9,SF-C,1350,12,Egress8,1000.0
465.0,sfc-ingress8egress8,Ingress8,13,13,SF-A,1306,13,SF-B,1950,9,SF-C,1350,12,Egress8,1000.0
466.0,sfc-ingress8egress8,Ingress8,14,14,SF-A,1425,14,SF-B,2100,10,SF-C,1500,13,Egress8,1000.0
467.0,sfc-ingress8egress8,Ingress8,15,15,SF-A,1558,15,SF-B,2250,11,SF-C,1650,14,Egress8,1000.0
468.0,sfc-ingress8egress8,Ingress8,12,12,SF-A,1243,12,SF-B,1800,9,SF-C,1350,12,Egress8,1000.0
469.0,sfc-ingress8egress8,Ingress8,14,14,SF-A,1490,14,SF-B,2100,10,SF-C,1500,13,Egress8,1000.0
470.0,sfc-ingress8egress8,Ingress8,17,17,SF-A,1706,17,SF-B,2550,12,SF-C,1800,16,Egress8,1000.0
471.0,sfc-ingress8egress8,Ingress8,13,13,SF-A,1378,13,SF-B,1950,9,SF-C,1350,12,Egress8,1000.0
472.0,sfc-ingress8egress8,Ingress8,12,12,SF-A,1268,12,SF-B,1800,9,SF-C,1350,12,Egress8,1000.0
473.0,sfc-ingress8egress8,Ingress8,14,14,SF-A,1413,14,SF-B,2100,10,SF-C,1500,13,Egress8,1000.0
474.0,sfc-ingress8egress8,Ingress8,14,14,SF-A,1468,14,SF-B,2100,10,SF-C,1500,13,Egress8,1000.0
475.0,sfc-ingress8egress8,Ingress8,14,14,SF-A,1492,14,SF-B,2100,10,SF-C,1500,13,Egress8,1000.0
476.0,sfc-ingress8egress8,Ingress8,13,13,SF-A,1357,13,SF-B,1950,9,SF-C,1350,12,Egress8,1000.0
477.0,sfc-ingress8egress8,Ingress8,14,14,SF-A,1434,14,SF-B,2100,10,SF-C,1500,13,Egress8,1000.0
478.0,sfc-ingress8egress8,Ingress8,15,15,SF-A,1547,15,SF-B,2250,11,SF-C,1650,14,Egress8,1000.0
479.0,sfc-ingress8egress8,Ingress8,15,15,SF-A,1540,15,SF-B,2250,11,SF-C,1650,14,Egress8,1000.0
480.0,sfc-ingress8egress8,Ingress8,16,16,SF-A,1633,16,SF-B,2400,12,SF-C,1800,16,Egress8,1000.0
481.0,sfc-ingress8egress8,Ingress8,13,13,SF-A,1353,13,SF-B,1950,9,SF-C,1350,12,Egress8,1000.0
482.0,sfc-ingress8egress8,Ingress8,13,13,SF-A,1343,13,SF-B,1950,9,SF-C,1350,12,Egress8,1000.0
483.0,sfc-ingress8egress8,Ingress8,17,17,SF-A,1786,17,SF-B,2550,12,SF-C,1800,16,Egress8,1000.0
484.0,sfc-ingress8egress8,Ingress8,16,16,SF-A,1632,16,SF-B,2400,12,SF-C,1800,16,Egress8,1000.0
485.0,sfc-ingress8egress8,Ingress8,14,14,SF-A,1412,14,SF-B,2100,10,SF-C,1500,13,Egress8,1000.0
486.0,sfc-ingress8egress8,Ingress8,15,15,SF-A,1594,15,SF-B,2250,11,SF-C,1650,14,Egress8,1000.0
487.0,sfc-ingress8egress8,Ingress8,17,17,SF-A,1705,17,SF-B,2550,12,SF-C,1800,16,Egress8,1000.0
488.0,sfc-ingress8egress8,Ingress8,17,17,SF-A,1744,17,SF-B,2550,12,SF-C,1800,16,Egress8,1000.0
489.0,sfc-ingress8egress8,Ingress8,12,12,SF-A,1287,12,SF-B,1800,9,SF-C,1350,12,Egress8,1000.0
490.0,sfc-ingress8egress8,Ingress8,14,14,SF-A,1450,14,SF-B,2100,10,SF-C,1500,13,Egress8,1000.0
491.0,sfc-ingress8egress8,Ingress8,14,14,SF-A,1454,14,SF-B,2100,10,SF-C,1500,13,Egress8,1000.0
492.0,sfc-ingress8egress8,Ingress8,17,17,SF-A,1790,17,SF-B,2550,12,SF-C,1800,16,Egress8,1000.0
493.0,sfc-ingress8egress8,Ingress8,14,14,SF-A,1468,14,SF-B,2100,10,SF-C,1500,13,Egress8,1000.0
494.0,sfc-ingress8egress8,Ingress8,17,17,SF-A,1779,17,SF-B,2550,12,SF-C,1800,16,Egress8,1000.0
495.0,sfc-ingress8egress8,Ingress8,14,14,SF-A,1481,14,SF-B,2100,10,SF-C,1500,13,Egress8,1000.0
496.0,sfc-ingress8egress8,Ingress8,16,16,SF-A,1672,16,SF-B,2400,12,SF-C,1800,16,Egress8,1000.0
497.0,sfc-ingress8egress8,Ingress8,12,12,SF-A,1233,12,SF-B,1800,9,SF-C,1350,12,Egress8,1000.0
498.0,sfc-ingress8egress8,Ingress8,15,15,SF-A,1569,15,SF-B,2250,11,SF-C,1650,14,Egress8,1000.0
499.0,sfc-ingress8egress8,Ingress8,16,16,SF-A,1642,16,SF-B,2400,12,SF-C,1800,16,Egress8,1000.0
500.0,sfc-ingress8egress8,Ingress8,13,13,SF-A,1390,13,SF-B,1950,9,SF-C,1350,12,Egress8,1000.0
501.0,sfc-ingress8egress8,Ingress8,17,17,SF-A,1793,17,SF-B,2550,12,SF-C,1800,16,Egress8,1000.0
502.0,sfc-ingress8egress8,Ingress8,16,16,SF-A,1688,16,SF-B,2400,12,SF-C,1800,16,Egress8,1000.0
503.0,sfc-ingress8egress8,Ingress8,12,12,SF-A,1226,12,SF-B,1800,9,SF-C,1350,12,Egress8,1000.0
504.0,sfc-ingress8egress8,Ingress8,17,17,SF-A,1764,17,SF-B,2550,12,SF-C,1800,16,Egress8,1000.0
505.0,sfc-ingress8egress8,Ingress8,17,17,SF-A,1786,17,SF-B,2550,12,SF-C,1800,16,Egress8,1000.0
506.0,sfc-ingress8egress8,Ingress8,13,13,SF-A,1373,13,SF-B,1950,9,SF-C,1350,12,Egress8,1000.0
507.0,sfc-ingress8egress8,Ingress8,14,14,SF-A,1477,14,SF-B,2100,10,SF-C,1500,13,Egress8,1000.0
508.0,sfc-ingress8egress8,Ingress8,16,16,SF-A,1615,16,SF-B,2400,12,SF-C,1800,16,Egress8,1000.0
509.0,sfc-ingress8egress8,Ingress8,16,16,SF-A,1664,16,SF-B,2400,12,SF-C,1800,16,Egress8,1000.0
510.0,sfc-ingress8egress8,Ingress8,14,14,SF-A,1428,14,SF-B,2100,10,SF-C,1500,13,Egress8,1000.0
511.0,sfc-ingress8egress8,Ingress8,17,17,SF-A,1791,17,SF-B,2550,12,SF-C,1800,16,Egress8,1000.0
512.0,sfc-ingress8egress8,Ingress8,17,17,SF-A,1771,17,SF-B,2550,12,SF-C,1800,16,Egress8,1000.0
513.0,sfc-ingress8egress8,Ingress8,14,14,SF-A,1491,14,SF-B,2100,10,SF-C,1500,13,Egress8,1000.0
514.0,sfc-ingress8egress8,Ingress8,15,15,SF-A,1598,15,SF-B,2250,11,SF-C,1650,14,Egress8,1000.0
515.0,sfc-ingress8egress8,Ingress8,14,14,SF-A,1455,14,SF-B,2100,10,SF-C,1500,13,Egress8,1000.0
516.0,sfc-ingress8egress8,Ingress8,14,14,SF-A,1479,14,SF-B,2100,10,SF-C,1500,13,Egress8,1000.0
517.0,sfc-ingress8egress8,Ingress8,16,16,SF-A,1620,16,SF-B,2400,12,SF-C,1800,16,Egress8,1000.0
518.0,sfc-ingress8egress8,Ingress8,14,14,SF-A,1433,14,SF-B,2100,10,SF-C,1500,13,Egress8,1000.0
519.0,sfc-ingress8egress8,Ingress8,16,16,SF-A,1653,16,SF-B,2400,12,SF-C,1800,16,Egress8,1000.0
520.0,sfc-ingress8egress8,Ingress8,13,13,SF-A,1398,13,SF-B,1950,9,SF-C,1350,12,Egress8,1000.0
521.0,sfc-ingress8egress8,Ingress8,13,13,SF-A,1373,13,SF-B,1950,9,SF-C,1350,12,Egress8,1000.0
522.0,sfc-ingress8egress8,Ingress8,15,15,SF-A,1575,15,SF-B,2250,11,SF-C,1650,14,Egress8,1000.0
523.0,sfc-ingress8egress8,Ingress8,16,16,SF-A,1679,16,SF-B,2400,12,SF-C,1800,16,Egress8,1000.0
524.0,sfc-ingress8egress8,Ingress8,12,12,SF-A,1299,12,SF-B,1800,9,SF-C,1350,12,Egress8,1000.0
525.0,sfc-ingress8egress8,Ingress8,16,16,SF-A,1689,16,SF-B,2400,12,SF-C,1800,16,Egress8,1000.0
526.0,sfc-ingress8egress8,Ingress8,17,17,SF-A,1763,17,SF-B,2550,12,SF-C,1800,16,Egress8,1000.0
527.0,sfc-ingress8egress8,Ingress8,13,13,SF-A,1397,13,SF-B,1950,9,SF-C,1350,12,Egress8,1000.0
528.0,sfc-ingress8egress8,Ingress8,14,14,SF-A,1413,14,SF-B,2100,10,SF-C,1500,13,Egress8,1000.0
529.0,sfc-ingress8egress8,Ingress8,16,16,SF-A,1661,16,SF-B,2400,12,SF-C,1800,16,Egress8,1000.0
530.0,sfc-ingress8egress8,Ingress8,12,12,SF-A,1264,12,SF-B,1800,9,SF-C,1350,12,Egress8,1000.0
531.0,sfc-ingress8egress8,Ingress8,16,16,SF-A,1680,16,SF-B,2400,12,SF-C,1800,16,Egress8,1000.0
532.0,sfc-ingress8egress8,Ingress8,14,14,SF-A,1459,14,SF-B,2100,10,SF-C,1500,13,Egress8,1000.0
533.0,sfc-ingress8egress8,Ingress8,12,12,SF-A,1288,12,SF-B,1800,9,SF-C,1350,12,Egress8,1000.0
534.0,sfc-ingress8egress8,Ingress8,15,15,SF-A,1503,15,SF-B,2250,11,SF-C,1650,14,Egress8,1000.0
535.0,sfc-ingress8egress8,Ingress8,14,14,SF-A,1457,14,SF-B,2100,10,SF-C,1500,13,Egress8,1000.0
536.0,sfc-ingress8egress8,Ingress8,15,15,SF-A,1566,15,SF-B,2250,11,SF-C,1650,14,Egress8,1000.0
537.0,sfc-ingress8egress8,Ingress8,12,12,SF-A,1234,12,SF-B,1800,9,SF-C,1350,12,Egress8,1000.0
538.0,sfc-ingress8egress8,Ingress8,17,17,SF-A,1796,17,SF-B,2550,12,SF-C,1800,16,Egress8,1000.0
539.0,sfc-ingress8egress8,Ingress8,16,16,SF-A,1629,16,SF-B,2400,12,SF-C,1800,16,Egress8,1000.0
540.0,sfc-ingress8egress8,Ingress8,16,16,SF-A,1691,16,SF-B,2400,12,SF-C,1800,16,Egress8,1000.0
541.0,sfc-ingress8egress8,Ingress8,16,16,SF-A,1690,16,SF-B,2400,12,SF-C,1800,16,Egress8,1000.0
542.0,sfc-ingress8egress8,Ingress8,12,12,SF-A,1214,12,SF-B,1800,9,SF-C,1350,12,Egress8,1000.0
543.0,sfc-ingress8egress8,Ingress8,14,14,SF-A,1456,14,SF-B,2100,10,SF-C,1500,13,Egress8,1000.0
544.0,sfc-ingress8egress8,Ingress8,13,13,SF-A,1393,13,SF-B,1950,9,SF-C,1350,12,Egress8,1000.0
545.0,sfc-ingress8egress8,Ingress8,12,12,SF-A,1288,12,SF-B,1800,9,SF-C,1350,12,Egress8,1000.0
546.0,sfc-ingress8egress8,Ingress8,17,17,SF-A,1783,17,SF-B,2550,12,SF-C,1800,16,Egress8,1000.0
547.0,sfc-ingress8egress8,Ingress8,12,12,SF-A,1275,12,SF-B,1800,9,SF-C,1350,12,Egress8,1000.0
548.0,sfc-ingress8egress8,Ingress8,13,13,SF-A,1318,13,SF-B,1950,9,SF-C,1350,12,Egress8,1000.0
549.0,sfc-ingress8egress8,Ingress8,13,13,SF-A,1328,13,SF-B,1950,9,SF-C,1350,12,Egress8,1000.0
550.0,sfc-ingress8egress8,Ingress8,16,16,SF-A,1603,16,SF-B,2400,12,SF-C,1800,16,Egress8,1000.0
551.0,sfc-ingress8egress8,Ingress8,16,16,SF-A,1694,16,SF-B,2400,12,SF-C,1800,16,Egress8,1000.0
552.0,sfc-ingress8egress8,Ingress8,15,15,SF-A,1500,15,SF-B,2250,11,SF-C,1650,14,Egress8,1000.0
553.0,sfc-ingress8egress8,Ingress8,16,16,SF-A,1636,16,SF-B,2400,12,SF-C,1800,16,Egress8,1000.0
554.0,sfc-ingress8egress8,Ingress8,16,16,SF-A,1625,16,SF-B,2400,12,SF-C,1800,16,Egress8,1000.0
555.0,sfc-ingress8egress8,Ingress8,17,17,SF-A,1767,17,SF-B,2550,12,SF-C,1800,16,Egress8,1000.0
556.0,sfc-ingress8egress8,Ingress8,13,13,SF-A,1332,13,SF-B,1950,9,SF-C,1350,12,Egress8,1000.0
557.0,sfc-ingress8egress8,Ingress8,14,14,SF-A,1461,14,SF-B,2100,10,SF-C,1500,13,Egress8,1000.0
558.0,sfc-ingress8egress8,Ingress8,14,14,SF-A,1404,14,SF-B,2100,10,SF-C,1500,13,Egress8,1000.0
559.0,sfc-ingress8egress8,Ingress8,16,16,SF-A,1661,16,SF-B,2400,12,SF-C,1800,16,Egress8,1000.0
560.0,sfc-ingress8egress8,Ingress8,15,15,SF-A,1518,15,SF-B,2250,11,SF-C,1650,14,Egress8,1000.0
561.0,sfc-ingress8egress8,Ingress8,14,14,SF-A,1429,14,SF-B,2100,10,SF-C,1500,13,Egress8,1000.0
562.0,sfc-ingress8egress8,Ingress8,17,17,SF-A,1782,17,SF-B,2550,12,SF-C,1800,16,Egress8,1000.0
563.0,sfc-ingress8egress8,Ingress8,15,15,SF-A,1527,15,SF-B,2250,11,SF-C,1650,14,Egress8,1000.0
564.0,sfc-ingress8egress8,Ingress8,14,14,SF-A,1491,14,SF-B,2100,10,SF-C,1500,13,Egress8,1000.0
565.0,sfc-ingress8egress8,Ingress8,12,12,SF-A,1241,12,SF-B,1800,9,SF-C,1350,12,Egress8,1000.0
566.0,sfc-ingress8egress8,Ingress8,16,16,SF-A,1673,16,SF-B,2400,12,SF-C,1800,16,Egress8,1000.0
567.0,sfc-ingress8egress8,Ingress8,16,16,SF-A,1656,16,SF-B,2400,12,SF-C,1800,16,Egress8,1000.0
568.0,sfc-ingress8egress8,Ingress8,13,13,SF-A,1396,13,SF-B,1950,9,SF-C,1350,12,Egress8,1000.0
569.0,sfc-ingress8egress8,Ingress8,12,12,SF-A,1246,12,SF-B,1800,9,SF-C,1350,12,Egress8,1000.0
570.0,sfc-ingress8egress8,Ingress8,16,16,SF-A,1619,16,SF-B,2400,12,SF-C,1800,16,Egress8,1000.0
571.0,sfc-ingress8egress8,Ingress8,14,14,SF-A,1456,14,SF-B,2100,10,SF-C,1500,13,Egress8,1000.0
572.0,sfc-ingress8egress8,Ingress8,12,12,SF-A,1227,12,SF-B,1800,9,SF-C,1350,12,Egress8,1000.0
573.0,sfc-ingress8egress8,Ingress8,12,12,SF-A,1222,12,SF-B,1800,9,SF-C,1350,12,Egress8,1000.0
574.0,sfc-ingress8egress8,Ingress8,12,12,SF-A,1246,12,SF-B,1800,9,SF-C,1350,12,Egress8,1000.0
575.0,sfc-ingress8egress8,Ingress8,13,13,SF-A,1307,13,SF-B,1950,9,SF-C,1350,12,Egress8,1000.0
576.0,sfc-ingress8egress8,Ingress8,16,16,SF-A,1696,16,SF-B,2400,12,SF-C,1800,16,Egress8,1000.0
577.0,sfc-ingress8egress8,Ingress8,14,14,SF-A,1458,14,SF-B,2100,10,SF-C,1500,13,Egress8,1000.0
578.0,sfc-ingress8egress8,Ingress8,17,17,SF-A,1795,17,SF-B,2550,12,SF-C,1800,16,Egress8,1000.0
579.0,sfc-ingress8egress8,Ingress8,15,15,SF-A,1585,15,SF-B,2250,11,SF-C,1650,14,Egress8,1000.0
580.0,sfc-ingress8egress8,Ingress8,13,13,SF-A,1359,13,SF-B,1950,9,SF-C,1350,12,Egress8,1000.0
581.0,sfc-ingress8egress8,Ingress8,16,16,SF-A,1660,16,SF-B,2400,12,SF-C,1800,16,Egress8,1000.0
582.0,sfc-ingress8egress8,Ingress8,16,16,SF-A,1623,16,SF-B,2400,12,SF-C,1800,16,Egress8,1000.0
583.0,sfc-ingress8egress8,Ingress8,17,17,SF-A,1714,17,SF-B,2550,12,SF-C,1800,16,Egress8,1000.0
584.0,sfc-ingress8egress8,Ingress8,12,12,SF-A,1263,12,SF-B,1800,9,SF-C,1350,12,Egress8,1000.0
585.0,sfc-ingress8egress8,Ingress8,12,12,SF-A,1233,12,SF-B,1800,9,SF-C,1350,12,Egress8,1000.0
586.0,sfc-ingress8egress8,Ingress8,17,17,SF-A,1737,17,SF-B,2550,12,SF-C,1800,16,Egress8,1000.0
587.0,sfc-ingress8egress8,Ingress8,16,16,SF-A,1651,16,SF-B,2400,12,SF-C,1800,16,Egress8,1000.0
588.0,sfc-ingress8egress8,Ingress8,13,13,SF-A,1325,13,SF-B,1950,9,SF-C,1350,12,Egress8,1000.0
589.0,sfc-ingress8egress8,Ingress8,16,16,SF-A,1676,16,SF-B,2400,12,SF-C,1800,16,Egress8,1000.0
590.0,sfc-ingress8egress8,Ingress8,15,15,SF-A,1511,15,SF-B,2250,11,SF-C,1650,14,Egress8,1000.0
591.0,sfc-ingress8egress8,Ingress8,16,16,SF-A,1662,16,SF-B,2400,12,SF-C,1800,16,Egress8,1000.0
592.0,sfc-ingress8egress8,Ingress8,15,15,SF-A,1540,15,SF-B,2250,11,SF-C,1650,14,Egress8,1000.0
593.0,sfc-ingress8egress8,Ingress8,13,13,SF-A,1397,13,SF-B,1950,9,SF-C,1350,12,Egress8,1000.0
594.0,sfc-ingress8egress8,Ingress8,13,13,SF-A,1353,13,SF-B,1950,9,SF-C,1350,12,Egress8,1000.0
595.0,sfc-ingress8egress8,Ingress8,15,15,SF-A,1523,15,SF-B,2250,11,SF-C,1650,14,Egress8,1000.0
596.0,sfc-ingress8egress8,Ingress8,17,17,SF-A,1707,17,SF-B,2550,12,SF-C,1800,16,Egress8,1000.0
597.0,sfc-ingress8egress8,Ingress8,12,12,SF-A,1210,12,SF-B,1800,9,SF-C,1350,12,Egress8,1000.0
598.0,sfc-ingress8egress8,Ingress8,16,16,SF-A,1660,16,SF-B,2400,12,SF-C,1800,16,Egress8,1000.0
599.0,sfc-ingress8egress8,Ingress8,16,16,SF-A,1672,16,SF-B,2400,12,SF-C,1800,16,Egress8,1000.0
600.0,sfc-ingress8egress8,Ingress8,17,17,SF-A,1785,17,SF-B,2550,12,SF-C,1800,16,Egress8,1000.0
601.0,sfc-ingress8egress8,Ingress8,15,15,SF-A,1590,15,SF-B,2250,11,SF-C,1650,14,Egress8,1000.0
602.0,sfc-ingress8egress8,Ingress8,15,15,SF-A,1545,15,SF-B,2250,11,SF-C,1650,14,Egress8,1000.0
603.0,sfc-ingress8egress8,Ingress8,12,12,SF-A,1245,12,SF-B,1800,9,SF-C,1350,12,Egress8,1000.0
604.0,sfc-ingress8egress8,Ingress8,17,17,SF-A,1703,17,SF-B,2550,12,SF-C,1800,16,Egress8,1000.0
605.0,sfc-ingress8egress8,Ingress8,15,15,SF-A,1505,15,SF-B,2250,11,SF-C,1650,14,Egress8,1000.0
606.0,sfc-ingress8egress8,Ingress8,12,12,SF-A,1265,12,SF-B,1800,9,SF-C,1350,12,Egress8,1000.0
607.0,sfc-ingress8egress8,Ingress8,17,17,SF-A,1752,17,SF-B,2550,12,SF-C,1800,16,Egress8,1000.0
608.0,sfc-ingress8egress8,Ingress8,13,13,SF-A,1350,13,SF-B,1950,9,SF-C,1350,12,Egress8,1000.0
609.0,sfc-ingress8egress8,Ingress8,14,14,SF-A,1472,14,SF-B,2100,10,SF-C,1500,13,Egress8,1000.0
610.0,sfc-ingress8egress8,Ingress8,14,14,SF-A,1463,14,SF-B,2100,10,SF-C,1500,13,Egress8,1000.0
611.0,sfc-ingress8egress8,Ingress8,14,14,SF-A,1468,14,SF-B,2100,10,SF-C,1500,13,Egress8,1000.0
612.0,sfc-ingress8egress8,Ingress8,17,17,SF-A,1758,17,SF-B,2550,12,SF-C,1800,16,Egress8,1000.0
613.0,sfc-ingress8egress8,Ingress8,17,17,SF-A,1757,17,SF-B,2550,12,SF-C,1800,16,Egress8,1000.0
614.0,sfc-ingress8egress8,Ingress8,13,13,SF-A,1382,13,SF-B,1950,9,SF-C,1350,12,Egress8,1000.0
615.0,sfc-ingress8egress8,Ingress8,13,13,SF-A,1395,13,SF-B,1950,9,SF-C,1350,12,Egress8,1000.0
616.0,sfc-ingress8egress8,Ingress8,16,16,SF-A,1618,16,SF-B,2400,12,SF-C,1800,16,Egress8,1000.0
617.0,sfc-ingress8egress8,Ingress8,17,17,SF-A,1782,17,SF-B,2550,12,SF-C,1800,16,Egress8,1000.0
618.0,sfc-ingress8egress8,Ingress8,13,13,SF-A,1339,13,SF-B,1950,9,SF-C,1350,12,Egress8,1000.0
619.0,sfc-ingress8egress8,Ingress8,15,15,SF-A,1593,15,SF-B,2250,11,SF-C,1650,14,Egress8,1000.0
620.0,sfc-ingress8egress8,Ingress8,12,12,SF-A,1291,12,SF-B,1800,9,SF-C,1350,12,Egress8,1000.0
621.0,sfc-ingress8egress8,Ingress8,16,16,SF-A,1603,16,SF-B,2400,12,SF-C,1800,16,Egress8,1000.0
622.0,sfc-ingress8egress8,Ingress8,12,12,SF-A,1266,12,SF-B,1800,9,SF-C,1350,12,Egress8,1000.0
623.0,sfc-ingress8egress8,Ingress8,16,16,SF-A,1634,16,SF-B,2400,12,SF-C,1800,16,Egress8,1000.0
624.0,sfc-ingress8egress8,Ingress8,17,17,SF-A,1783,17,SF-B,2550,12,SF-C,1800,16,Egress8,1000.0
625.0,sfc-ingress8egress8,Ingress8,17,17,SF-A,1780,17,SF-B,2550,12,SF-C,1800,16,Egress8,1000.0
626.0,sfc-ingress8egress8,Ingress8,15,15,SF-A,1516,15,SF-B,2250,11,SF-C,1650,14,Egress8,1000.0
627.0,sfc-ingress8egress8,Ingress8,16,16,SF-A,1684,16,SF-B,2400,12,SF-C,1800,16,Egress8,1000.0
628.0,sfc-ingress8egress8,Ingress8,12,12,SF-A,1254,12,SF-B,1800,9,SF-C,1350,12,Egress8,1000.0
629.0,sfc-ingress8egress8,Ingress8,17,17,SF-A,1716,17,SF-B,2550,12,SF-C,1800,16,Egress8,1000.0
630.0,sfc-ingress8egress8,Ingress8,14,14,SF-A,1481,14,SF-B,2100,10,SF-C,1500,13,Egress8,1000.0
631.0,sfc-ingress8egress8,Ingress8,15,15,SF-A,1513,15,SF-B,2250,11,SF-C,1650,14,Egress8,1000.0
632.0,sfc-ingress8egress8,Ingress8,17,17,SF-A,1757,17,SF-B,2550,12,SF-C,1800,16,Egress8,1000.0
633.0,sfc-ingress8egress8,Ingress8,17,17,SF-A,1761,17,SF-B,2550,12,SF-C,1800,16,Egress8,1000.0
634.0,sfc-ingress8egress8,Ingress8,12,12,SF-A,1243,12,SF-B,1800,9,SF-C,1350,12,Egress8,1000.0
635.0,sfc-ingress8egress8,Ingress8,14,14,SF-A,1441,14,SF-B,2100,10,SF-C,1500,13,Egress8,1000.0
636.0,sfc-ingress8egress8,Ingress8,15,15,SF-A,1594,15,SF-B,2250,11,SF-C,1650,14,Egress8,1000.0
637.0,sfc-ingress8egress8,Ingress8,14,14,SF-A,1476,14,SF-B,2100,10,SF-C,1500,13,Egress8,1000.0
638.0,sfc-ingress8egress8,Ingress8,12,12,SF-A,1223,12,SF-B,1800,9,SF-C,1350,12,Egress8,1000.0
639.0,sfc-ingress8egress8,Ingress8,17,17,SF-A,1717,17,SF-B,2550,12,SF-C,1800,16,Egress8,1000.0
640.0,sfc-ingress8egress8,Ingress8,12,12,SF-A,1263,12,SF-B,1800,9,SF-C,1350,12,Egress8,1000.0
641.0,sfc-ingress8egress8,Ingress8,16,16,SF-A,1667,16,SF-B,2400,12,SF-C,1800,16,Egress8,1000.0
642.0,sfc-ingress8egress8,Ingress8,14,14,SF-A,1448,14,SF-B,2100,10,SF-C,1500,13,Egress8,1000.0
643.0,sfc-ingress8egress8,Ingress8,17,17,SF-A,1714,17,SF-B,2550,12,SF-C,1800,16,Egress8,1000.0
644.0,sfc-ingress8egress8,Ingress8,16,16,SF-A,1683,16,SF-B,2400,12,SF-C,1800,16,Egress8,1000.0
645.0,sfc-ingress8egress8,Ingress8,16,16,SF-A,1697,16,SF-B,2400,12,SF-C,1800,16,Egress8,1000.0
646.0,sfc-ingress8egress8,Ingress8,15,15,SF-A,1530,15,SF-B,2250,11,SF-C,1650,14,Egress8,1000.0
647.0,sfc-ingress8egress8,Ingress8,17,17,SF-A,1717,17,SF-B,2550,12,SF-C,1800,16,Egress8,1000.0
648.0,sfc-ingress8egress8,Ingress8,12,12,SF-A,1204,12,SF-B,1800,9,SF-C,1350,12,Egress8,1000.0
649.0,sfc-ingress8egress8,Ingress8,17,17,SF-A,1712,17,SF-B,2550,12,SF-C,1800,16,Egress8,1000.0
650.0,sfc-ingress8egress8,Ingress8,14,14,SF-A,1419,14,SF-B,2100,10,SF-C,1500,13,Egress8,1000.0
651.0,sfc-ingress8egress8,Ingress8,14,14,SF-A,1472,14,SF-B,2100,10,SF-C,1500,13,Egress8,1000.0
652.0,sfc-ingress8egress8,Ingress8,17,17,SF-A,1791,17,SF-B,2550,12,SF-C,1800,16,Egress8,1000.0
653.0,sfc-ingress8egress8,Ingress8,12,12,SF-A,1228,12,SF-B,1800,9,SF-C,1350,12,Egress8,1000.0
654.0,sfc-ingress8egress8,Ingress8,14,14,SF-A,1448,14,SF-B,2100,10,SF-C,1500,13,Egress8,1000.0
655.0,sfc-ingress8egress8,Ingress8,15,15,SF-A,1595,15,SF-B,2250,11,SF-C,1650,14,Egress8,1000.0
656.0,sfc-ingress8egress8,Ingress8,15,15,SF-A,1575,15,SF-B,2250,11,SF-C,1650,14,Egress8,1000.0
657.0,sfc-ingress8egress8,Ingress8,16,16,SF-A,1601,16,SF-B,2400,12,SF-C,1800,16,Egress8,1000.0
658.0,sfc-ingress8egress8,Ingress8,15,15,SF-A,1598,15,SF-B,2250,11,SF-C,1650,14,Egress8,1000.0
659.0,sfc-ingress8egress8,Ingress8,16,16,SF-A,1623,16,SF-B,2400,12,SF-C,1800,16,Egress8,1000.0
660.0,sfc-ingress8egress8,Ingress8,15,15,SF-A,1570,15,SF-B,2250,11,SF-C,1650,14,Egress8,1000.0
661.0,sfc-ingress8egress8,Ingress8,17,17,SF-A,1753,17,SF-B,2550,12,SF-C,1800,16,Egress8,1000.0
662.0,sfc-ingress8egress8,Ingress8,14,14,SF-A,1483,14,SF-B,2100,10,SF-C,1500,13,Egress8,1000.0
663.0,sfc-ingress8egress8,Ingress8,16,16,SF-A,1680,16,SF-B,2400,12,SF-C,1800,16,Egress8,1000.0
664.0,sfc-ingress8egress8,Ingress8,15,15,SF-A,1556,15,SF-B,2250,11,SF-C,1650,14,Egress8,1000.0
665.0,sfc-ingress8egress8,Ingress8,12,12,SF-A,1288,12,SF-B,1800,9,SF-C,1350,12,Egress8,1000.0
666.0,sfc-ingress8egress8,Ingress8,16,16,SF-A,1658,16,SF-B,2400,12,SF-C,1800,16,Egress8,1000.0
667.0,sfc-ingress8egress8,Ingress8,15,15,SF-A,1581,15,SF-B,2250,11,SF-C,1650,14,Egress8,1000.0
668.0,sfc-ingress8egress8,Ingress8,14,14,SF-A,1433,14,SF-B,2100,10,SF-C,1500,13,Egress8,1000.0
669.0,sfc-ingress8egress8,Ingress8,14,14,SF-A,1408,14,SF-B,2100,10,SF-C,1500,13,Egress8,1000.0
670.0,sfc-ingress8egress8,Ingress8,17,17,SF-A,1735,17,SF-B,2550,12,SF-C,1800,16,Egress8,1000.0
671.0,sfc-ingress8egress8,Ingress8,13,13,SF-A,1320,13,SF-B,1950,9,SF-C,1350,12,Egress8,1000.0
672.0,sfc-ingress8egress8,Ingress8,17,17,SF-A,1767,17,SF-B,2550,12,SF-C,1800,16,Egress8,1000.0
673.0,sfc-ingress8egress8,Ingress8,13,13,SF-A,1384,13,SF-B,1950,9,SF-C,1350,12,Egress8,1000.0
674.0,sfc-ingress8egress8,Ingress8,16,16,SF-A,1625,16,SF-B,2400,12,SF-C,1800,16,Egress8,1000.0
675.0,sfc-ingress8egress8,Ingress8,12,12,SF-A,1250,12,SF-B,1800,9,SF-C,1350,12,Egress8,1000.0
676.0,sfc-ingress8egress8,Ingress8,14,14,SF-A,1492,14,SF-B,2100,10,SF-C,1500,13,Egress8,1000.0
677.0,sfc-ingress8egress8,Ingress8,17,17,SF-A,1725,17,SF-B,2550,12,SF-C,1800,16,Egress8,1000.0
678.0,sfc-ingress8egress8,Ingress8,14,14,SF-A,1429,14,SF-B,2100,10,SF-C,1500,13,Egress8,1000.0
679.0,sfc-ingress8egress8,Ingress8,17,17,SF-A,1707,17,SF-B,2550,12,SF-C,1800,16,Egress8,1000.0
680.0,sfc-ingress8egress8,Ingress8,16,16,SF-A,1675,16,SF-B,2400,12,SF-C,1800,16,Egress8,1000.0
681.0,sfc-ingress8egress8,Ingress8,13,13,SF-A,1309,13,SF-B,1950,9,SF-C,1350,12,Egress8,1000.0
682.0,sfc-ingress8egress8,Ingress8,16,16,SF-A,1637,16,SF-B,2400,12,SF-C,1800,16,Egress8,1000.0
683.0,sfc-ingress8egress8,Ingress8,17,17,SF-A,1726,17,SF-B,2550,12,SF-C,1800,16,Egress8,1000.0
684.0,sfc-ingress8egress8,Ingress8,15,15,SF-A,1562,15,SF-B,2250,11,SF-C,1650,14,Egress8,1000.0
685.0,sfc-ingress8egress8,Ingress8,17,17,SF-A,1760,17,SF-B,2550,12,SF-C,1800,16,Egress8,1000.0
686.0,sfc-ingress8egress8,Ingress8,17,17,SF-A,1799,17,SF-B,2550,12,SF-C,1800,16,Egress8,1000.0
687.0,sfc-ingress8egress8,Ingress8,15,15,SF-A,1557,15,SF-B,2250,11,SF-C,1650,14,Egress8,1000.0
688.0,sfc-ingress8egress8,Ingress8,17,17,SF-A,1769,17,SF-B,2550,12,SF-C,1800,16,Egress8,1000.0
689.0,sfc-ingress8egress8,Ingress8,13,13,SF-A,1359,13,SF-B,1950,9,SF-C,1350,12,Egress8,1000.0
690.0,sfc-ingress8egress8,Ingress8,13,13,SF-A,1302,13,SF-B,1950,9,SF-C,1350,12,Egress8,1000.0
691.0,sfc-ingress8egress8,Ingress8,17,17,SF-A,1727,17,SF-B,2550,12,SF-C,1800,16,Egress8,1000.0
692.0,sfc-ingress8egress8,Ingress8,14,14,SF-A,1448,14,SF-B,2100,10,SF-C,1500,13,Egress8,1000.0
693.0,sfc-ingress8egress8,Ingress8,15,15,SF-A,1528,15,SF-B,2250,11,SF-C,1650,14,Egress8,1000.0
694.0,sfc-ingress8egress8,Ingress8,16,16,SF-A,1642,16,SF-B,2400,12,SF-C,1800,16,Egress8,1000.0
695.0,sfc-ingress8egress8,Ingress8,15,15,SF-A,1532,15,SF-B,2250,11,SF-C,1650,14,Egress8,1000.0
696.0,sfc-ingress8egress8,Ingress8,16,16,SF-A,1672,16,SF-B,2400,12,SF-C,1800,16,Egress8,1000.0
697.0,sfc-ingress8egress8,Ingress8,15,15,SF-A,1591,15,SF-B,2250,11,SF-C,1650,14,Egress8,1000.0
698.0,sfc-ingress8egress8,Ingress8,12,12,SF-A,1286,12,SF-B,1800,9,SF-C,1350,12,Egress8,1000.0
699.0,sfc-ingress8egress8,Ingress8,13,13,SF-A,1340,13,SF-B,1950,9,SF-C,1350,12,Egress8,1000.0
700.0,sfc-ingress8egress8,Ingress8,16,16,SF-A,1667,16,SF-B,2400,12,SF-C,1800,16,Egress8,1000.0
701.0,sfc-ingress8egress8,Ingress8,15,15,SF-A,1511,15,SF-B,2250,11,SF-C,1650,14,Egress8,1000.0
702.0,sfc-ingress8egress8,Ingress8,15,15,SF-A,1563,15,SF-B,2250,11,SF-C,1650,14,Egress8,1000.0
703.0,sfc-ingress8egress8,Ingress8,12,12,SF-A,1206,12,SF-B,1800,9,SF-C,1350,12,Egress8,1000.0
704.0,sfc-ingress8egress8,Ingress8,13,13,SF-A,1395,13,SF-B,1950,9,SF-C,1350,12,Egress8,1000.0
705.0,sfc-ingress8egress8,Ingress8,15,15,SF-A,1596,15,SF-B,2250,11,SF-C,1650,14,Egress8,1000.0
706.0,sfc-ingress8egress8,Ingress8,12,12,SF-A,1270,12,SF-B,1800,9,SF-C,1350,12,Egress8,1000.0
707.0,sfc-ingress8egress8,Ingress8,14,14,SF-A,1461,14,SF-B,2100,10,SF-C,1500,13,Egress8,1000.0
708.0,sfc-ingress8egress8,Ingress8,15,15,SF-A,1555,15,SF-B,2250,11,SF-C,1650,14,Egress8,1000.0
709.0,sfc-ingress8egress8,Ingress8,14,14,SF-A,1420,14,SF-B,2100,10,SF-C,1500,13,Egress8,1000.0
710.0,sfc-ingress8egress8,Ingress8,16,16,SF-A,1677,16,SF-B,2400,12,SF-C,1800,16,Egress8,1000.0
711.0,sfc-ingress8egress8,Ingress8,17,17,SF-A,1770,17,SF-B,2550,12,SF-C,1800,16,Egress8,1000.0
712.0,sfc-ingress8egress8,Ingress8,17,17,SF-A,1748,17,SF-B,2550,12,SF-C,1800,16,Egress8,1000.0
713.0,sfc-ingress8egress8,Ingress8,16,16,SF-A,1622,16,SF-B,2400,12,SF-C,1800,16,Egress8,1000.0
714.0,sfc-ingress8egress8,Ingress8,17,17,SF-A,1724,17,SF-B,2550,12,SF-C,1800,16,Egress8,1000.0
715.0,sfc-ingress8egress8,Ingress8,15,15,SF-A,1596,15,SF-B,2250,11,SF-C,1650,14,Egress8,1000.0
716.0,sfc-ingress8egress8,Ingress8,16,16,SF-A,1679,16,SF-B,2400,12,SF-C,1800,16,Egress8,1000.0
717.0,sfc-ingress8egress8,Ingress8,14,14,SF-A,1449,14,SF-B,2100,10,SF-C,1500,13,Egress8,1000.0
718.0,sfc-ingress8egress8,Ingress8,13,13,SF-A,1351,13,SF-B,1950,9,SF-C,1350,12,Egress8,1000.0
719.0,sfc-ingress8egress8,Ingress8,17,17,SF-A,1741,17,SF-B,2550,12,SF-C,1800,16,Egress8,1000.0
720.0,sfc-ingress8egress8,Ingress8,15,15,SF-A,1559,15,SF-B,2250,11,SF-C,1650,14,Egress8,1000.0
721.0,sfc-ingress8egress8,Ingress8,16,16,SF-A,1601,16,SF-B,2400,12,SF-C,1800,16,Egress8,1000.0
722.0,sfc-ingress8egress8,Ingress8,12,12,SF-A,1261,12,SF-B,1800,9,SF-C,1350,12,Egress8,1000.0
723.0,sfc-ingress8egress8,Ingress8,12,12,SF-A,1268,12,SF-B,1800,9,SF-C,1350,12,Egress8,1000.0
724.0,sfc-ingress8egress8,Ingress8,14,14,SF-A,1466,14,SF-B,2100,10,SF-C,1500,13,Egress8,1000.0
725.0,sfc-ingress8egress8,Ingress8,16,16,SF-A,1691,16,SF-B,2400,12,SF-C,1800,16,Egress8,1000.0
726.0,sfc-ingress8egress8,Ingress8,17,17,SF-A,1724,17,SF-B,2550,12,SF-C,1800,16,Egress8,1000.0
727.0,sfc-ingress8egress8,Ingress8,16,16,SF-A,1614,16,SF-B,2400,12,SF-C,1800,16,Egress8,1000.0
728.0,sfc-ingress8egress8,Ingress8,12,12,SF-A,1216,12,SF-B,1800,9,SF-C,1350,12,Egress8,1000.0
729.0,sfc-ingress8egress8,Ingress8,14,14,SF-A,1488,14,SF-B,2100,10,SF-C,1500,13,Egress8,1000.0
730.0,sfc-ingress8egress8,Ingress8,12,12,SF-A,1233,12,SF-B,1800,9,SF-C,1350,12,Egress8,1000.0
731.0,sfc-ingress8egress8,Ingress8,16,16,SF-A,1697,16,SF-B,2400,12,SF-C,1800,16,Egress8,1000.0
732.0,sfc-ingress8egress8,Ingress8,14,14,SF-A,1403,14,SF-B,2100,10,SF-C,1500,13,Egress8,1000.0
733.0,sfc-ingress8egress8,Ingress8,15,15,SF-A,1556,15,SF-B,2250,11,SF-C,1650,14,Egress8,1000.0
734.0,sfc-ingress8egress8,Ingress8,12,12,SF-A,1299,12,SF-B,1800,9,SF-C,1350,12,Egress8,1000.0
735.0,sfc-ingress8egress8,Ingress8,14,14,SF-A,1471,14,SF-B,2100,10,SF-C,1500,13,Egress8,1000.0
736.0,sfc-ingress8egress8,Ingress8,12,12,SF-A,1258,12,SF-B,1800,9,SF-C,1350,12,Egress8,1000.0
737.0,sfc-ingress8egress8,Ingress8,12,12,SF-A,1229,12,SF-B,1800,9,SF-C,1350,12,Egress8,1000.0
738.0,sfc-ingress8egress8,Ingress8,15,15,SF-A,1521,15,SF-B,2250,11,SF-C,1650,14,Egress8,1000.0
739.0,sfc-ingress8egress8,Ingress8,17,17,SF-A,1704,17,SF-B,2550,12,SF-C,1800,16,Egress8,1000.0
740.0,sfc-ingress8egress8,Ingress8,14,14,SF-A,1443,14,SF-B,2100,10,SF-C,1500,13,Egress8,1000.0
741.0,sfc-ingress8egress8,Ingress8,15,15,SF-A,1512,15,SF-B,2250,11,SF-C,1650,14,Egress8,1000.0
742.0,sfc-ingress8egress8,Ingress8,17,17,SF-A,1761,17,SF-B,2550,12,SF-C,1800,16,Egress8,1000.0
743.0,sfc-ingress8egress8,Ingress8,17,17,SF-A,1789,17,SF-B,2550,12,SF-C,1800,16,Egress8,1000.0
744.0,sfc-ingress8egress8,Ingress8,13,13,SF-A,1319,13,SF-B,1950,9,SF-C,1350,12,Egress8,1000.0
745.0,sfc-ingress8egress8,Ingress8,16,16,SF-A,1686,16,SF-B,2400,12,SF-C,1800,16,Egress8,1000.0
746.0,sfc-ingress8egress8,Ingress8,14,14,SF-A,1423,14,SF-B,2100,10,SF-C,1500,13,Egress8,1000.0
747.0,sfc-ingress8egress8,Ingress8,15,15,SF-A,1538,15,SF-B,2250,11,SF-C,1650,14,Egress8,1000.0
748.0,sfc-ingress8egress8,Ingress8,13,13,SF-A,1374,13,SF-B,1950,9,SF-C,1350,12,Egress8,1000.0
749.0,sfc-ingress8egress8,Ingress8,16,16,SF-A,1642,16,SF-B,2400,12,SF-C,1800,16,Egress8,1000.0
750.0,sfc-ingress8egress8,Ingress8,16,16,SF-A,1607,16,SF-B,2400,12,SF-C,1800,16,Egress8,1000.0
751.0,sfc-ingress8egress8,Ingress8,12,12,SF-A,1219,12,SF-B,1800,9,SF-C,1350,12,Egress8,1000.0
752.0,sfc-ingress8egress8,Ingress8,14,14,SF-A,1498,14,SF-B,2100,10,SF-C,1500,13,Egress8,1000.0
753.0,sfc-ingress8egress8,Ingress8,15,15,SF-A,1512,15,SF-B,2250,11,SF-C,1650,14,Egress8,1000.0
754.0,sfc-ingress8egress8,Ingress8,15,15,SF-A,1570,15,SF-B,2250,11,SF-C,1650,14,Egress8,1000.0
755.0,sfc-ingress8egress8,Ingress8,12,12,SF-A,1287,12,SF-B,1800,9,SF-C,1350,12,Egress8,1000.0
756.0,sfc-ingress8egress8,Ingress8,16,16,SF-A,1601,16,SF-B,2400,12,SF-C,1800,16,Egress8,1000.0
757.0,sfc-ingress8egress8,Ingress8,14,14,SF-A,1402,14,SF-B,2100,10,SF-C,1500,13,Egress8,1000.0
758.0,sfc-ingress8egress8,Ingress8,16,16,SF-A,1695,16,SF-B,2400,12,SF-C,1800,16,Egress8,1000.0
759.0,sfc-ingress8egress8,Ingress8,17,17,SF-A,1713,17,SF-B,2550,12,SF-C,1800,16,Egress8,1000.0
760.0,sfc-ingress8egress8,Ingress8,14,14,SF-A,1429,14,SF-B,2100,10,SF-C,1500,13,Egress8,1000.0
761.0,sfc-ingress8egress8,Ingress8,16,16,SF-A,1648,16,SF-B,2400,12,SF-C,1800,16,Egress8,1000.0
762.0,sfc-ingress8egress8,Ingress8,12,12,SF-A,1284,12,SF-B,1800,9,SF-C,1350,12,Egress8,1000.0
763.0,sfc-ingress8egress8,Ingress8,12,12,SF-A,1256,12,SF-B,1800,9,SF-C,1350,12,Egress8,1000.0
764.0,sfc-ingress8egress8,Ingress8,17,17,SF-A,1771,17,SF-B,2550,12,SF-C,1800,16,Egress8,1000.0
765.0,sfc-ingress8egress8,Ingress8,16,16,SF-A,1682,16,SF-B,2400,12,SF-C,1800,16,Egress8,1000.0
766.0,sfc-ingress8egress8,Ingress8,16,16,SF-A,1693,16,SF-B,2400,12,SF-C,1800,16,Egress8,1000.0
767.0,sfc-ingress8egress8,Ingress8,13,13,SF-A,1330,13,SF-B,1950,9,SF-C,1350,12,Egress8,1000.0
768.0,sfc-ingress8egress8,Ingress8,14,14,SF-A,1457,14,SF-B,2100,10,SF-C,1500,13,Egress8,1000.0
769.0,sfc-ingress8egress8,Ingress8,16,16,SF-A,1658,16,SF-B,2400,12,SF-C,1800,16,Egress8,1000.0
770.0,sfc-ingress8egress8,Ingress8,13,13,SF-A,1366,13,SF-B,1950,9,SF-C,1350,12,Egress8,1000.0
771.0,sfc-ingress8egress8,Ingress8,15,15,SF-A,1507,15,SF-B,2250,11,SF-C,1650,14,Egress8,1000.0
772.0,sfc-ingress8egress8,Ingress8,17,17,SF-A,1758,17,SF-B,2550,12,SF-C,1800,16,Egress8,1000.0
773.0,sfc-ingress8egress8,Ingress8,16,16,SF-A,1643,16,SF-B,2400,12,SF-C,1800,16,Egress8,1000.0
774.0,sfc-ingress8egress8,Ingress8,14,14,SF-A,1491,14,SF-B,2100,10,SF-C,1500,13,Egress8,1000.0
775.0,sfc-ingress8egress8,Ingress8,16,16,SF-A,1681,16,SF-B,2400,12,SF-C,1800,16,Egress8,1000.0
776.0,sfc-ingress8egress8,Ingress8,12,12,SF-A,1258,12,SF-B,1800,9,SF-C,1350,12,Egress8,1000.0
777.0,sfc-ingress8egress8,Ingress8,14,14,SF-A,1483,14,SF-B,2100,10,SF-C,1500,13,Egress8,1000.0
778.0,sfc-ingress8egress8,Ingress8,14,14,SF-A,1445,14,SF-B,2100,10,SF-C,1500,13,Egress8,1000.0
779.0,sfc-ingress8egress8,Ingress8,17,17,SF-A,1732,17,SF-B,2550,12,SF-C,1800,16,Egress8,1000.0
780.0,sfc-ingress8egress8,Ingress8,15,15,SF-A,1574,15,SF-B,2250,11,SF-C,1650,14,Egress8,1000.0
781.0,sfc-ingress8egress8,Ingress8,16,16,SF-A,1608,16,SF-B,2400,12,SF-C,1800,16,Egress8,1000.0
782.0,sfc-ingress8egress8,Ingress8,16,16,SF-A,1660,16,SF-B,2400,12,SF-C,1800,16,Egress8,1000.0
783.0,sfc-ingress8egress8,Ingress8,13,13,SF-A,1361,13,SF-B,1950,9,SF-C,1350,12,Egress8,1000.0
784.0,sfc-ingress8egress8,Ingress8,17,17,SF-A,1793,17,SF-B,2550,12,SF-C,1800,16,Egress8,1000.0
785.0,sfc-ingress8egress8,Ingress8,12,12,SF-A,1286,12,SF-B,1800,9,SF-C,1350,12,Egress8,1000.0
786.0,sfc-ingress8egress8,Ingress8,17,17,SF-A,1721,17,SF-B,2550,12,SF-C,1800,16,Egress8,1000.0
787.0,sfc-ingress8egress8,Ingress8,17,17,SF-A,1779,17,SF-B,2550,12,SF-C,1800,16,Egress8,1000.0
788.0,sfc-ingress8egress8,Ingress8,13,13,SF-A,1357,13,SF-B,1950,9,SF-C,1350,12,Egress8,1000.0
789.0,sfc-ingress8egress8,Ingress8,15,15,SF-A,1590,15,SF-B,2250,11,SF-C,1650,14,Egress8,1000.0
790.0,sfc-ingress8egress8,Ingress8,17,17,SF-A,1756,17,SF-B,2550,12,SF-C,1800,16,Egress8,1000.0
791.0,sfc-ingress8egress8,Ingress8,17,17,SF-A,1797,17,SF-B,2550,12,SF-C,1800,16,Egress8,1000.0
792.0,sfc-ingress8egress8,Ingress8,12,12,SF-A,1264,12,SF-B,1800,9,SF-C,1350,12,Egress8,1000.0
793.0,sfc-ingress8egress8,Ingress8,14,14,SF-A,1449,14,SF-B,2100,10,SF-C,1500,13,Egress8,1000.0
794.0,sfc-ingress8egress8,Ingress8,16,16,SF-A,1685,16,SF-B,2400,12,SF-C,1800,16,Egress8,1000.0
795.0,sfc-ingress8egress8,Ingress8,17,17,SF-A,1799,17,SF-B,2550,12,SF-C,1800,16,Egress8,1000.0
796.0,sfc-ingress8egress8,Ingress8,13,13,SF-A,1357,13,SF-B,1950,9,SF-C,1350,12,Egress8,1000.0
797.0,sfc-ingress8egress8,Ingress8,16,16,SF-A,1659,16,SF-B,2400,12,SF-C,1800,16,Egress8,1000.0
798.0,sfc-ingress8egress8,Ingress8,15,15,SF-A,1551,15,SF-B,2250,11,SF-C,1650,14,Egress8,1000.0
799.0,sfc-ingress8egress8,Ingress8,12,12,SF-A,1298,12,SF-B,1800,9,SF-C,1350,12,Egress8,1000.0
800.0,sfc-ingress8egress8,Ingress8,16,16,SF-A,1669,16,SF-B,2400,12,SF-C,1800,16,Egress8,1000.0
801.0,sfc-ingress8egress8,Ingress8,16,16,SF-A,1656,16,SF-B,2400,12,SF-C,1800,16,Egress8,1000.0
802.0,sfc-ingress8egress8,Ingress8,14,14,SF-A,1412,14,SF-B,2100,10,SF-C,1500,13,Egress8,1000.0
803.0,sfc-ingress8egress8,Ingress8,16,16,SF-A,1692,16,SF-B,2400,12,SF-C,1800,16,Egress8,1000.0
804.0,sfc-ingress8egress8,Ingress8,16,16,SF-A,1624,16,SF-B,2400,12,SF-C,1800,16,Egress8,1000.0
805.0,sfc-ingress8egress8,Ingress8,17,17,SF-A,1770,17,SF-B,2550,12,SF-C,1800,16,Egress8,1000.0
806.0,sfc-ingress8egress8,Ingress8,13,13,SF-A,1389,13,SF-B,1950,9,SF-C,1350,12,Egress8,1000.0
807.0,sfc-ingress8egress8,Ingress8,16,16,SF-A,1660,16,SF-B,2400,12,SF-C,1800,16,Egress8,1000.0
808.0,sfc-ingress8egress8,Ingress8,16,16,SF-A,1661,16,SF-B,2400,12,SF-C,1800,16,Egress8,1000.0
809.0,sfc-ingress8egress8,Ingress8,17,17,SF-A,1797,17,SF-B,2550,12,SF-C,1800,16,Egress8,1000.0
810.0,sfc-ingress8egress8,Ingress8,14,14,SF-A,1449,14,SF-B,2100,10,SF-C,1500,13,Egress8,1000.0
811.0,sfc-ingress8egress8,Ingress8,12,12,SF-A,1277,12,SF-B,1800,9,SF-C,1350,12,Egress8,1000.0
812.0,sfc-ingress8egress8,Ingress8,17,17,SF-A,1739,17,SF-B,2550,12,SF-C,1800,16,Egress8,1000.0
813.0,sfc-ingress8egress8,Ingress8,14,14,SF-A,1405,14,SF-B,2100,10,SF-C,1500,13,Egress8,1000.0
814.0,sfc-ingress8egress8,Ingress8,16,16,SF-A,1684,16,SF-B,2400,12,SF-C,1800,16,Egress8,1000.0
815.0,sfc-ingress8egress8,Ingress8,16,16,SF-A,1682,16,SF-B,2400,12,SF-C,1800,16,Egress8,1000.0
816.0,sfc-ingress8egress8,Ingress8,16,16,SF-A,1648,16,SF-B,2400,12,SF-C,1800,16,Egress8,1000.0
817.0,sfc-ingress8egress8,Ingress8,16,16,SF-A,1681,16,SF-B,2400,12,SF-C,1800,16,Egress8,1000.0
818.0,sfc-ingress8egress8,Ingress8,15,15,SF-A,1501,15,SF-B,2250,11,SF-C,1650,14,Egress8,1000.0
819.0,sfc-ingress8egress8,Ingress8,13,13,SF-A,1353,13,SF-B,1950,9,SF-C,1350,12,Egress8,1000.0
820.0,sfc-ingress8egress8,Ingress8,15,15,SF-A,1572,15,SF-B,2250,11,SF-C,1650,14,Egress8,1000.0
821.0,sfc-ingress8egress8,Ingress8,14,14,SF-A,1494,14,SF-B,2100,10,SF-C,1500,13,Egress8,1000.0
822.0,sfc-ingress8egress8,Ingress8,13,13,SF-A,1343,13,SF-B,1950,9,SF-C,1350,12,Egress8,1000.0
823.0,sfc-ingress8egress8,Ingress8,12,12,SF-A,1263,12,SF-B,1800,9,SF-C,1350,12,Egress8,1000.0
824.0,sfc-ingress8egress8,Ingress8,14,14,SF-A,1426,14,SF-B,2100,10,SF-C,1500,13,Egress8,1000.0
825.0,sfc-ingress8egress8,Ingress8,16,16,SF-A,1661,16,SF-B,2400,12,SF-C,1800,16,Egress8,1000.0
826.0,sfc-ingress8egress8,Ingress8,16,16,SF-A,1625,16,SF-B,2400,12,SF-C,1800,16,Egress8,1000.0
827.0,sfc-ingress8egress8,Ingress8,14,14,SF-A,1488,14,SF-B,2100,10,SF-C,1500,13,Egress8,1000.0
828.0,sfc-ingress8egress8,Ingress8,12,12,SF-A,1264,12,SF-B,1800,9,SF-C,1350,12,Egress8,1000.0
829.0,sfc-ingress8egress8,Ingress8,17,17,SF-A,1747,17,SF-B,2550,12,SF-C,1800,16,Egress8,1000.0
830.0,sfc-ingress8egress8,Ingress8,12,12,SF-A,1266,12,SF-B,1800,9,SF-C,1350,12,Egress8,1000.0
831.0,sfc-ingress8egress8,Ingress8,12,12,SF-A,1289,12,SF-B,1800,9,SF-C,1350,12,Egress8,1000.0
832.0,sfc-ingress8egress8,Ingress8,14,14,SF-A,1494,14,SF-B,2100,10,SF-C,1500,13,Egress8,1000.0
833.0,sfc-ingress8egress8,Ingress8,15,15,SF-A,1532,15,SF-B,2250,11,SF-C,1650,14,Egress8,1000.0
834.0,sfc-ingress8egress8,Ingress8,12,12,SF-A,1245,12,SF-B,1800,9,SF-C,1350,12,Egress8,1000.0
835.0,sfc-ingress8egress8,Ingress8,16,16,SF-A,1637,16,SF-B,2400,12,SF-C,1800,16,Egress8,1000.0
836.0,sfc-ingress8egress8,Ingress8,16,16,SF-A,1650,16,SF-B,2400,12,SF-C,1800,16,Egress8,1000.0
837.0,sfc-ingress8egress8,Ingress8,13,13,SF-A,1362,13,SF-B,1950,9,SF-C,1350,12,Egress8,1000.0
838.0,sfc-ingress8egress8,Ingress8,15,15,SF-A,1554,15,SF-B,2250,11,SF-C,1650,14,Egress8,1000.0
839.0,sfc-ingress8egress8,Ingress8,13,13,SF-A,1342,13,SF-B,1950,9,SF-C,1350,12,Egress8,1000.0
840.0,sfc-ingress8egress8,Ingress8,16,16,SF-A,1631,16,SF-B,2400,12,SF-C,1800,16,Egress8,1000.0
841.0,sfc-ingress8egress8,Ingress8,14,14,SF-A,1465,14,SF-B,2100,10,SF-C,1500,13,Egress8,1000.0
842.0,sfc-ingress8egress8,Ingress8,12,12,SF-A,1224,12,SF-B,1800,9,SF-C,1350,12,Egress8,1000.0
843.0,sfc-ingress8egress8,Ingress8,12,12,SF-A,1203,12,SF-B,1800,9,SF-C,1350,12,Egress8,1000.0
844.0,sfc-ingress8egress8,Ingress8,16,16,SF-A,1660,16,SF-B,2400,12,SF-C,1800,16,Egress8,1000.0
845.0,sfc-ingress8egress8,Ingress8,16,16,SF-A,1657,16,SF-B,2400,12,SF-C,1800,16,Egress8,1000.0
846.0,sfc-ingress8egress8,Ingress8,15,15,SF-A,1503,15,SF-B,2250,11,SF-C,1650,14,Egress8,1000.0
847.0,sfc-ingress8egress8,Ingress8,17,17,SF-A,1798,17,SF-B,2550,12,SF-C,1800,16,Egress8,1000.0
848.0,sfc-ingress8egress8,Ingress8,15,15,SF-A,1593,15,SF-B,2250,11,SF-C,1650,14,Egress8,1000.0
849.0,sfc-ingress8egress8,Ingress8,12,12,SF-A,1246,12,SF-B,1800,9,SF-C,1350,12,Egress8,1000.0
850.0,sfc-ingress8egress8,Ingress8,17,17,SF-A,1737,17,SF-B,2550,12,SF-C,1800,16,Egress8,1000.0
851.0,sfc-ingress8egress8,Ingress8,14,14,SF-A,1492,14,SF-B,2100,10,SF-C,1500,13,Egress8,1000.0
852.0,sfc-ingress8egress8,Ingress8,17,17,SF-A,1783,17,SF-B,2550,12,SF-C,1800,16,Egress8,1000.0
853.0,sfc-ingress8egress8,Ingress8,14,14,SF-A,1448,14,SF-B,2100,10,SF-C,1500,13,Egress8,1000.0
854.0,sfc-ingress8egress8,Ingress8,17,17,SF-A,1764,17,SF-B,2550,12,SF-C,1800,16,Egress8,1000.0
855.0,sfc-ingress8egress8,Ingress8,15,15,SF-A,1501,15,SF-B,2250,11,SF-C,1650,14,Egress8,1000.0
856.0,sfc-ingress8egress8,Ingress8,14,14,SF-A,1450,14,SF-B,2100,10,SF-C,1500,13,Egress8,1000.0
857.0,sfc-ingress8egress8,Ingress8,13,13,SF-A,1398,13,SF-B,1950,9,SF-C,1350,12,Egress8,1000.0
858.0,sfc-ingress8egress8,Ingress8,15,15,SF-A,1513,15,SF-B,2250,11,SF-C,1650,14,Egress8,1000.0
859.0,sfc-ingress8egress8,Ingress8,12,12,SF-A,1207,12,SF-B,1800,9,SF-C,1350,12,Egress8,1000.0
860.0,sfc-ingress8egress8,Ingress8,16,16,SF-A,1632,16,SF-B,2400,12,SF-C,1800,16,Egress8,1000.0
861.0,sfc-ingress8egress8,Ingress8,16,16,SF-A,1611,16,SF-B,2400,12,SF-C,1800,16,Egress8,1000.0
862.0,sfc-ingress8egress8,Ingress8,15,15,SF-A,1584,15,SF-B,2250,11,SF-C,1650,14,Egress8,1000.0
863.0,sfc-ingress8egress8,Ingress8,12,12,SF-A,1200,12,SF-B,1800,9,SF-C,1350,12,Egress8,1000.0
864.0,sfc-ingress8egress8,Ingress8,12,12,SF-A,1276,12,SF-B,1800,9,SF-C,1350,12,Egress8,1000.0
865.0,sfc-ingress8egress8,Ingress8,16,16,SF-A,1642,16,SF-B,2400,12,SF-C,1800,16,Egress8,1000.0
866.0,sfc-ingress8egress8,Ingress8,14,14,SF-A,1435,14,SF-B,2100,10,SF-C,1500,13,Egress8,1000.0
867.0,sfc-ingress8egress8,Ingress8,17,17,SF-A,1708,17,SF-B,2550,12,SF-C,1800,16,Egress8,1000.0
868.0,sfc-ingress8egress8,Ingress8,15,15,SF-A,1527,15,SF-B,2250,11,SF-C,1650,14,Egress8,1000.0
869.0,sfc-ingress8egress8,Ingress8,14,14,SF-A,1443,14,SF-B,2100,10,SF-C,1500,13,Egress8,1000.0
870.0,sfc-ingress8egress8,Ingress8,14,14,SF-A,1406,14,SF-B,2100,10,SF-C,1500,13,Egress8,1000.0
871.0,sfc-ingress8egress8,Ingress8,15,15,SF-A,1571,15,SF-B,2250,11,SF-C,1650,14,Egress8,1000.0
872.0,sfc-ingress8egress8,Ingress8,14,14,SF-A,1426,14,SF-B,2100,10,SF-C,1500,13,Egress8,1000.0
873.0,sfc-ingress8egress8,Ingress8,15,15,SF-A,1565,15,SF-B,2250,11,SF-C,1650,14,Egress8,1000.0
874.0,sfc-ingress8egress8,Ingress8,16,16,SF-A,1697,16,SF-B,2400,12,SF-C,1800,16,Egress8,1000.0
875.0,sfc-ingress8egress8,Ingress8,16,16,SF-A,1634,16,SF-B,2400,12,SF-C,1800,16,Egress8,1000.0
876.0,sfc-ingress8egress8,Ingress8,14,14,SF-A,1440,14,SF-B,2100,10,SF-C,1500,13,Egress8,1000.0
877.0,sfc-ingress8egress8,Ingress8,14,14,SF-A,1473,14,SF-B,2100,10,SF-C,1500,13,Egress8,1000.0
878.0,sfc-ingress8egress8,Ingress8,16,16,SF-A,1639,16,SF-B,2400,12,SF-C,1800,16,Egress8,1000.0
879.0,sfc-ingress8egress8,Ingress8,15,15,SF-A,1571,15,SF-B,2250,11,SF-C,1650,14,Egress8,1000.0
880.0,sfc-ingress8egress8,Ingress8,12,12,SF-A,1255,12,SF-B,1800,9,SF-C,1350,12,Egress8,1000.0
881.0,sfc-ingress8egress8,Ingress8,12,12,SF-A,1237,12,SF-B,1800,9,SF-C,1350,12,Egress8,1000.0
882.0,sfc-ingress8egress8,Ingress8,17,17,SF-A,1706,17,SF-B,2550,12,SF-C,1800,16,Egress8,1000.0
883.0,sfc-ingress8egress8,Ingress8,13,13,SF-A,1364,13,SF-B,1950,9,SF-C,1350,12,Egress8,1000.0
884.0,sfc-ingress8egress8,Ingress8,17,17,SF-A,1786,17,SF-B,2550,12,SF-C,1800,16,Egress8,1000.0
885.0,sfc-ingress8egress8,Ingress8,13,13,SF-A,1369,13,SF-B,1950,9,SF-C,1350,12,Egress8,1000.0
886.0,sfc-ingress8egress8,Ingress8,14,14,SF-A,1439,14,SF-B,2100,10,SF-C,1500,13,Egress8,1000.0
887.0,sfc-ingress8egress8,Ingress8,16,16,SF-A,1628,16,SF-B,2400,12,SF-C,1800,16,Egress8,1000.0
888.0,sfc-ingress8egress8,Ingress8,14,14,SF-A,1467,14,SF-B,2100,10,SF-C,1500,13,Egress8,1000.0
889.0,sfc-ingress8egress8,Ingress8,16,16,SF-A,1600,16,SF-B,2400,12,SF-C,1800,16,Egress8,1000.0
890.0,sfc-ingress8egress8,Ingress8,17,17,SF-A,1751,17,SF-B,2550,12,SF-C,1800,16,Egress8,1000.0
891.0,sfc-ingress8egress8,Ingress8,14,14,SF-A,1463,14,SF-B,2100,10,SF-C,1500,13,Egress8,1000.0
892.0,sfc-ingress8egress8,Ingress8,12,12,SF-A,1235,12,SF-B,1800,9,SF-C,1350,12,Egress8,1000.0
893.0,sfc-ingress8egress8,Ingress8,13,13,SF-A,1382,13,SF-B,1950,9,SF-C,1350,12,Egress8,1000.0
894.0,sfc-ingress8egress8,Ingress8,16,16,SF-A,1615,16,SF-B,2400,12,SF-C,1800,16,Egress8,1000.0
895.0,sfc-ingress8egress8,Ingress8,14,14,SF-A,1429,14,SF-B,2100,10,SF-C,1500,13,Egress8,1000.0
896.0,sfc-ingress8egress8,Ingress8,15,15,SF-A,1505,15,SF-B,2250,11,SF-C,1650,14,Egress8,1000.0
897.0,sfc-ingress8egress8,Ingress8,13,13,SF-A,1339,13,SF-B,1950,9,SF-C,1350,12,Egress8,1000.0
898.0,sfc-ingress8egress8,Ingress8,13,13,SF-A,1323,13,SF-B,1950,9,SF-C,1350,12,Egress8,1000.0
899.0,sfc-ingress8egress8,Ingress8,17,17,SF-A,1702,17,SF-B,2550,12,SF-C,1800,16,Egress8,1000.0
900.0,sfc-ingress8egress8,Ingress8,15,15,SF-A,1504,15,SF-B,2250,11,SF-C,1650,14,Egress8,1000.0
901.0,sfc-ingress8egress8,Ingress8,16,16,SF-A,1665,16,SF-B,2400,12,SF-C,1800,16,Egress8,1000.0
902.0,sfc-ingress8egress8,Ingress8,16,16,SF-A,1689,16,SF-B,2400,12,SF-C,1800,16,Egress8,1000.0
903.0,sfc-ingress8egress8,Ingress8,15,15,SF-A,1507,15,SF-B,2250,11,SF-C,1650,14,Egress8,1000.0
904.0,sfc-ingress8egress8,Ingress8,17,17,SF-A,1707,17,SF-B,2550,12,SF-C,1800,16,Egress8,1000.0
905.0,sfc-ingress8egress8,Ingress8,15,15,SF-A,1547,15,SF-B,2250,11,SF-C,1650,14,Egress8,1000.0
906.0,sfc-ingress8egress8,Ingress8,16,16,SF-A,1680,16,SF-B,2400,12,SF-C,1800,16,Egress8,1000.0
907.0,sfc-ingress8egress8,Ingress8,13,13,SF-A,1373,13,SF-B,1950,9,SF-C,1350,12,Egress8,1000.0
908.0,sfc-ingress8egress8,Ingress8,12,12,SF-A,1274,12,SF-B,1800,9,SF-C,1350,12,Egress8,1000.0
909.0,sfc-ingress8egress8,Ingress8,12,12,SF-A,1247,12,SF-B,1800,9,SF-C,1350,12,Egress8,1000.0
910.0,sfc-ingress8egress8,Ingress8,13,13,SF-A,1346,13,SF-B,1950,9,SF-C,1350,12,Egress8,1000.0
911.0,sfc-ingress8egress8,Ingress8,16,16,SF-A,1670,16,SF-B,2400,12,SF-C,1800,16,Egress8,1000.0
912.0,sfc-ingress8egress8,Ingress8,16,16,SF-A,1607,16,SF-B,2400,12,SF-C,1800,16,Egress8,1000.0
913.0,sfc-ingress8egress8,Ingress8,13,13,SF-A,1392,13,SF-B,1950,9,SF-C,1350,12,Egress8,1000.0
914.0,sfc-ingress8egress8,Ingress8,13,13,SF-A,1356,13,SF-B,1950,9,SF-C,1350,12,Egress8,1000.0
915.0,sfc-ingress8egress8,Ingress8,15,15,SF-A,1513,15,SF-B,2250,11,SF-C,1650,14,Egress8,1000.0
916.0,sfc-ingress8egress8,Ingress8,17,17,SF-A,1795,17,SF-B,2550,12,SF-C,1800,16,Egress8,1000.0
917.0,sfc-ingress8egress8,Ingress8,17,17,SF-A,1792,17,SF-B,2550,12,SF-C,1800,16,Egress8,1000.0
918.0,sfc-ingress8egress8,Ingress8,14,14,SF-A,1499,14,SF-B,2100,10,SF-C,1500,13,Egress8,1000.0
919.0,sfc-ingress8egress8,Ingress8,16,16,SF-A,1611,16,SF-B,2400,12,SF-C,1800,16,Egress8,1000.0
920.0,sfc-ingress8egress8,Ingress8,13,13,SF-A,1347,13,SF-B,1950,9,SF-C,1350,12,Egress8,1000.0
921.0,sfc-ingress8egress8,Ingress8,13,13,SF-A,1392,13,SF-B,1950,9,SF-C,1350,12,Egress8,1000.0
922.0,sfc-ingress8egress8,Ingress8,15,15,SF-A,1599,15,SF-B,2250,11,SF-C,1650,14,Egress8,1000.0
923.0,sfc-ingress8egress8,Ingress8,14,14,SF-A,1410,14,SF-B,2100,10,SF-C,1500,13,Egress8,1000.0
924.0,sfc-ingress8egress8,Ingress8,13,13,SF-A,1389,13,SF-B,1950,9,SF-C,1350,12,Egress8,1000.0
925.0,sfc-ingress8egress8,Ingress8,17,17,SF-A,1723,17,SF-B,2550,12,SF-C,1800,16,Egress8,1000.0
926.0,sfc-ingress8egress8,Ingress8,15,15,SF-A,1525,15,SF-B,2250,11,SF-C,1650,14,Egress8,1000.0
927.0,sfc-ingress8egress8,Ingress8,17,17,SF-A,1768,17,SF-B,2550,12,SF-C,1800,16,Egress8,1000.0
928.0,sfc-ingress8egress8,Ingress8,16,16,SF-A,1610,16,SF-B,2400,12,SF-C,1800,16,Egress8,1000.0
929.0,sfc-ingress8egress8,Ingress8,15,15,SF-A,1594,15,SF-B,2250,11,SF-C,1650,14,Egress8,1000.0
930.0,sfc-ingress8egress8,Ingress8,17,17,SF-A,1742,17,SF-B,2550,12,SF-C,1800,16,Egress8,1000.0
931.0,sfc-ingress8egress8,Ingress8,15,15,SF-A,1569,15,SF-B,2250,11,SF-C,1650,14,Egress8,1000.0
932.0,sfc-ingress8egress8,Ingress8,16,16,SF-A,1674,16,SF-B,2400,12,SF-C,1800,16,Egress8,1000.0
933.0,sfc-ingress8egress8,Ingress8,13,13,SF-A,1322,13,SF-B,1950,9,SF-C,1350,12,Egress8,1000.0
934.0,sfc-ingress8egress8,Ingress8,15,15,SF-A,1594,15,SF-B,2250,11,SF-C,1650,14,Egress8,1000.0
935.0,sfc-ingress8egress8,Ingress8,12,12,SF-A,1240,12,SF-B,1800,9,SF-C,1350,12,Egress8,1000.0
936.0,sfc-ingress8egress8,Ingress8,15,15,SF-A,1512,15,SF-B,2250,11,SF-C,1650,14,Egress8,1000.0
937.0,sfc-ingress8egress8,Ingress8,17,17,SF-A,1740,17,SF-B,2550,12,SF-C,1800,16,Egress8,1000.0
938.0,sfc-ingress8egress8,Ingress8,15,15,SF-A,1589,15,SF-B,2250,11,SF-C,1650,14,Egress8,1000.0
939.0,sfc-ingress8egress8,Ingress8,14,14,SF-A,1418,14,SF-B,2100,10,SF-C,1500,13,Egress8,1000.0
940.0,sfc-ingress8egress8,Ingress8,13,13,SF-A,1350,13,SF-B,1950,9,SF-C,1350,12,Egress8,1000.0
941.0,sfc-ingress8egress8,Ingress8,15,15,SF-A,1521,15,SF-B,2250,11,SF-C,1650,14,Egress8,1000.0
942.0,sfc-ingress8egress8,Ingress8,16,16,SF-A,1682,16,SF-B,2400,12,SF-C,1800,16,Egress8,1000.0
943.0,sfc-ingress8egress8,Ingress8,14,14,SF-A,1471,14,SF-B,2100,10,SF-C,1500,13,Egress8,1000.0
944.0,sfc-ingress8egress8,Ingress8,16,16,SF-A,1625,16,SF-B,2400,12,SF-C,1800,16,Egress8,1000.0
945.0,sfc-ingress8egress8,Ingress8,13,13,SF-A,1322,13,SF-B,1950,9,SF-C,1350,12,Egress8,1000.0
946.0,sfc-ingress8egress8,Ingress8,12,12,SF-A,1225,12,SF-B,1800,9,SF-C,1350,12,Egress8,1000.0
947.0,sfc-ingress8egress8,Ingress8,12,12,SF-A,1292,12,SF-B,1800,9,SF-C,1350,12,Egress8,1000.0
948.0,sfc-ingress8egress8,Ingress8,16,16,SF-A,1649,16,SF-B,2400,12,SF-C,1800,16,Egress8,1000.0
949.0,sfc-ingress8egress8,Ingress8,12,12,SF-A,1217,12,SF-B,1800,9,SF-C,1350,12,Egress8,1000.0
950.0,sfc-ingress8egress8,Ingress8,14,14,SF-A,1488,14,SF-B,2100,10,SF-C,1500,13,Egress8,1000.0
951.0,sfc-ingress8egress8,Ingress8,17,17,SF-A,1786,17,SF-B,2550,12,SF-C,1800,16,Egress8,1000.0
952.0,sfc-ingress8egress8,Ingress8,16,16,SF-A,1698,16,SF-B,2400,12,SF-C,1800,16,Egress8,1000.0
953.0,sfc-ingress8egress8,Ingress8,12,12,SF-A,1250,12,SF-B,1800,9,SF-C,1350,12,Egress8,1000.0
954.0,sfc-ingress8egress8,Ingress8,16,16,SF-A,1660,16,SF-B,2400,12,SF-C,1800,16,Egress8,1000.0
955.0,sfc-ingress8egress8,Ingress8,16,16,SF-A,1614,16,SF-B,2400,12,SF-C,1800,16,Egress8,1000.0
956.0,sfc-ingress8egress8,Ingress8,14,14,SF-A,1450,14,SF-B,2100,10,SF-C,1500,13,Egress8,1000.0
957.0,sfc-ingress8egress8,Ingress8,13,13,SF-A,1337,13,SF-B,1950,9,SF-C,1350,12,Egress8,1000.0
958.0,sfc-ingress8egress8,Ingress8,17,17,SF-A,1709,17,SF-B,2550,12,SF-C,1800,16,Egress8,1000.0
959.0,sfc-ingress8egress8,Ingress8,17,17,SF-A,1755,17,SF-B,2550,12,SF-C,1800,16,Egress8,1000.0
960.0,sfc-ingress8egress8,Ingress8,15,15,SF-A,1537,15,SF-B,2250,11,SF-C,1650,14,Egress8,1000.0
961.0,sfc-ingress8egress8,Ingress8,16,16,SF-A,1647,16,SF-B,2400,12,SF-C,1800,16,Egress8,1000.0
962.0,sfc-ingress8egress8,Ingress8,14,14,SF-A,1412,14,SF-B,2100,10,SF-C,1500,13,Egress8,1000.0
963.0,sfc-ingress8egress8,Ingress8,15,15,SF-A,1533,15,SF-B,2250,11,SF-C,1650,14,Egress8,1000.0
964.0,sfc-ingress8egress8,Ingress8,16,16,SF-A,1651,16,SF-B,2400,12,SF-C,1800,16,Egress8,1000.0
965.0,sfc-ingress8egress8,Ingress8,16,16,SF-A,1623,16,SF-B,2400,12,SF-C,1800,16,Egress8,1000.0
966.0,sfc-ingress8egress8,Ingress8,12,12,SF-A,1236,12,SF-B,1800,9,SF-C,1350,12,Egress8,1000.0
967.0,sfc-ingress8egress8,Ingress8,17,17,SF-A,1778,17,SF-B,2550,12,SF-C,1800,16,Egress8,1000.0
968.0,sfc-ingress8egress8,Ingress8,16,16,SF-A,1625,16,SF-B,2400,12,SF-C,1800,16,Egress8,1000.0
969.0,sfc-ingress8egress8,Ingress8,14,14,SF-A,1404,14,SF-B,2100,10,SF-C,1500,13,Egress8,1000.0
970.0,sfc-ingress8egress8,Ingress8,13,13,SF-A,1320,13,SF-B,1950,9,SF-C,1350,12,Egress8,1000.0
971.0,sfc-ingress8egress8,Ingress8,12,12,SF-A,1276,12,SF-B,1800,9,SF-C,1350,12,Egress8,1000.0
972.0,sfc-ingress8egress8,Ingress8,16,16,SF-A,1619,16,SF-B,2400,12,SF-C,1800,16,Egress8,1000.0
973.0,sfc-ingress8egress8,Ingress8,13,13,SF-A,1303,13,SF-B,1950,9,SF-C,1350,12,Egress8,1000.0
974.0,sfc-ingress8egress8,Ingress8,17,17,SF-A,1728,17,SF-B,2550,12,SF-C,1800,16,Egress8,1000.0
975.0,sfc-ingress8egress8,Ingress8,13,13,SF-A,1327,13,SF-B,1950,9,SF-C,1350,12,Egress8,1000.0
976.0,sfc-ingress8egress8,Ingress8,12,12,SF-A,1243,12,SF-B,1800,9,SF-C,1350,12,Egress8,1000.0
977.0,sfc-ingress8egress8,Ingress8,14,14,SF-A,1411,14,SF-B,2100,10,SF-C,1500,13,Egress8,1000.0
978.0,sfc-ingress8egress8,Ingress8,14,14,SF-A,1444,14,SF-B,2100,10,SF-C,1500,13,Egress8,1000.0
979.0,sfc-ingress8egress8,Ingress8,13,13,SF-A,1304,13,SF-B,1950,9,SF-C,1350,12,Egress8,1000.0
980.0,sfc-ingress8egress8,Ingress8,15,15,SF-A,1576,15,SF-B,2250,11,SF-C,1650,14,Egress8,1000.0
981.0,sfc-ingress8egress8,Ingress8,14,14,SF-A,1449,14,SF-B,2100,10,SF-C,1500,13,Egress8,1000.0
982.0,sfc-ingress8egress8,Ingress8,17,17,SF-A,1711,17,SF-B,2550,12,SF-C,1800,16,Egress8,1000.0
983.0,sfc-ingress8egress8,Ingress8,15,15,SF-A,1515,15,SF-B,2250,11,SF-C,1650,14,Egress8,1000.0
984.0,sfc-ingress8egress8,Ingress8,15,15,SF-A,1576,15,SF-B,2250,11,SF-C,1650,14,Egress8,1000.0
985.0,sfc-ingress8egress8,Ingress8,17,17,SF-A,1737,17,SF-B,2550,12,SF-C,1800,16,Egress8,1000.0
986.0,sfc-ingress8egress8,Ingress8,16,16,SF-A,1669,16,SF-B,2400,12,SF-C,1800,16,Egress8,1000.0
987.0,sfc-ingress8egress8,Ingress8,17,17,SF-A,1714,17,SF-B,2550,12,SF-C,1800,16,Egress8,1000.0
988.0,sfc-ingress8egress8,Ingress8,16,16,SF-A,1646,16,SF-B,2400,12,SF-C,1800,16,Egress8,1000.0
989.0,sfc-ingress8egress8,Ingress8,16,16,SF-A,1633,16,SF-B,2400,12,SF-C,1800,16,Egress8,1000.0
990.0,sfc-ingress8egress8,Ingress8,16,16,SF-A,1606,16,SF-B,2400,12,SF-C,1800,16,Egress8,1000.0
991.0,sfc-ingress8egress8,Ingress8,14,14,SF-A,1486,14,SF-B,2100,10,SF-C,1500,13,Egress8,1000.0
992.0,sfc-ingress8egress8,Ingress8,13,13,SF-A,1320,13,SF-B,1950,9,SF-C,1350,12,Egress8,1000.0
993.0,sfc-ingress8egress8,Ingress8,13,13,SF-A,1326,13,SF-B,1950,9,SF-C,1350,12,Egress8,1000.0
994.0,sfc-ingress8egress8,Ingress8,15,15,SF-A,1503,15,SF-B,2250,11,SF-C,1650,14,Egress8,1000.0
995.0,sfc-ingress8egress8,Ingress8,17,17,SF-A,1785,17,SF-B,2550,12,SF-C,1800,16,Egress8,1000.0
996.0,sfc-ingress8egress8,Ingress8,17,17,SF-A,1733,17,SF-B,2550,12,SF-C,1800,16,Egress8,1000.0
997.0,sfc-ingress8egress8,Ingress8,14,14,SF-A,1428,14,SF-B,2100,10,SF-C,1500,13,Egress8,1000.0
998.0,sfc-ingress8egress8,Ingress8,17,17,SF-A,1755,17,SF-B,2550,12,SF-C,1800,16,Egress8,1000.0
999.0,sfc-ingress8egress8,Ingress8,16,16,SF-A,1650,16,SF-B,2400,12,SF-C,1800,16,Egress8,1000.0
1000.0,sfc-ingress8egress8,Ingress8,14,14,SF-A,1496,14,SF-B,2100,10,SF-C,1500,13,Egress8,1000.0
